seg_id,time_to_failure
seg_00030f,2.898870021739789
seg_0012b5,5.567078292190018
seg_00184e,5.494174473226691
seg_003339,8.672624478337688
seg_0042cc,7.084760150475146
seg_004314,2.1060324388474005
seg_004cd2,7.73901746163671
seg_004ee5,4.765780405544296
seg_004f1f,4.663485420463737
seg_00648a,2.6186903587307406
seg_006e4a,3.089630382026787
seg_007a37,5.080724487041561
seg_00a37e,3.9089050291588703
seg_00be11,2.781363174038022
seg_00c35b,8.281883608380133
seg_00cc91,4.534226453841106
seg_00e5f7,6.3047653573885984
seg_00f3b9,3.723008414436321
seg_010eab,6.877500813654368
seg_0125d9,4.545715949003748
seg_0144cb,4.673742898691946
seg_0165c6,9.788583464028038
seg_016913,4.510796146975521
seg_016cdb,5.175209877257648
seg_017314,7.071609737150936
seg_01a8dc,5.203162034765972
seg_01c775,7.679303997562062
seg_01ecb0,4.637662324429843
seg_02042f,2.135287245380336
seg_025e78,5.8473625007094725
seg_032822,4.646110143187262
seg_0339ca,5.948726776116489
seg_037461,4.894784883111818
seg_038879,8.321708739911553
seg_03d386,2.6805481517748375
seg_03d63e,5.057518853893246
seg_03d680,9.69862737025469
seg_03f380,3.730274075775785
seg_0445d7,6.462224112888114
seg_046c28,2.6580597100626204
seg_0488a1,7.461785776078278
seg_049957,10.246369554094407
seg_04a696,8.760986793597166
seg_04ae38,4.596650387061356
seg_04b87a,8.793177723301566
seg_04cceb,7.404925084798489
seg_04ee93,8.164804282589682
seg_04fd93,7.101444881559747
seg_0536c9,4.248609188399127
seg_055127,6.217947651587565
seg_05a1b0,5.0490202071084065
seg_05a4ad,6.580684627768628
seg_05b66a,10.226524248682354
seg_05bef4,2.885282798465446
seg_05e0d7,4.916357243307637
seg_05f126,9.149705751403546
seg_05f9d6,7.237987098985854
seg_060ce4,3.1378304176028067
seg_061a33,6.981666764066558
seg_0620e6,7.4346004199667615
seg_063865,7.173227298551783
seg_065588,4.4973190507266185
seg_06893f,3.1464828720464633
seg_06b8c9,5.4778840066758505
seg_06bbc5,2.7053670379112167
seg_06d4a2,4.677006781727293
seg_06d7ba,3.056415577294117
seg_070bb0,2.5484262601713157
seg_071067,2.9835194286886275
seg_073696,9.154466478632957
seg_075340,4.7705019611677395
seg_075f77,3.645103849169989
seg_0775a7,3.419444902376958
seg_077b7e,5.339637363403789
seg_079e34,4.585822344201277
seg_07c815,4.708347167722727
seg_07cd72,5.290189828542175
seg_07f37c,3.717918667059643
seg_07f8df,4.57067039958413
seg_07fc6d,8.409152274111312
seg_086a61,10.025365597331515
seg_0870ab,5.04013561503706
seg_0879a8,8.461355282362229
seg_08b136,8.89501014220322
seg_08f441,4.490796944498437
seg_08fd5b,4.970756969507294
seg_091c9d,9.328921321246185
seg_093a0a,8.473680672525218
seg_0968f1,7.468874973733605
seg_0981f3,2.7984273354143556
seg_09dd59,7.771633782627519
seg_09ed4e,9.590659287028576
seg_09f0ff,4.823556208220316
seg_0a0fbb,10.314701429936058
seg_0a1bd0,5.7551070059349385
seg_0a42ba,9.08934909139234
seg_0a45a1,3.4785616955344216
seg_0a97c4,5.5127933718347215
seg_0aa0fb,6.642498978224117
seg_0b07c7,6.201491122668353
seg_0b082e,9.112952889752474
seg_0b32f7,3.6913251591988163
seg_0b3b94,5.530206016557857
seg_0b48c4,3.90406508454073
seg_0b4b24,3.881915811114828
seg_0b54ac,4.3738903142704695
seg_0b76f5,10.19870600580121
seg_0b9ad8,9.018425569917868
seg_0b9ba3,9.538253500981742
seg_0ba210,10.999892432613715
seg_0ba585,5.083560406680976
seg_0bb5fd,5.04698445915005
seg_0bc877,2.0218273544538574
seg_0be6ee,2.530776982111407
seg_0c12cc,8.713445840406735
seg_0c1d3a,3.395455856090284
seg_0c247b,7.084652028885419
seg_0c3943,3.391386166467421
seg_0c4e31,2.071948335174792
seg_0c74cf,3.5409971993422897
seg_0c8502,8.934290369434924
seg_0c89ce,6.603895602263355
seg_0c9aa8,9.360368630029457
seg_0cb81b,2.9628341717904565
seg_0cca14,4.9531249638838695
seg_0cdcc8,2.6420355690193658
seg_0cf651,3.0707122908401083
seg_0d0250,4.458697148674627
seg_0d04b9,4.940189450162809
seg_0d13a7,4.688258831557063
seg_0d434c,9.925856986278491
seg_0d540e,3.1267205084001244
seg_0d663a,7.640053629649421
seg_0d6d68,5.975642520088263
seg_0d762e,7.545401019372445
seg_0d833c,8.565736944263982
seg_0dae4b,4.218112272202612
seg_0dc38f,2.281357372316689
seg_0dcc40,6.958127396076658
seg_0df469,4.557581029737069
seg_0df75c,10.335809602025979
seg_0dfe8c,4.206202069387567
seg_0e1370,2.266886267232064
seg_0e1fbe,5.532695445099101
seg_0e3739,4.905851508209519
seg_0e3d44,3.118911499805403
seg_0e3ed2,2.469345932112201
seg_0e4833,10.322294475771825
seg_0e7cc5,7.432611889960449
seg_0e8b79,9.215905948930173
seg_0e9987,5.745004546842846
seg_0e9bb3,6.809230945716044
seg_0eb333,2.2282703608461127
seg_0ebfd9,6.581821846902184
seg_0f565c,4.437712722121387
seg_0f74a3,7.1666377582090615
seg_0f8961,9.638633204650652
seg_0fc67a,9.498285783754655
seg_0fca83,3.454395218517069
seg_0fd3ff,2.9678336193628523
seg_1010ad,8.83206393939101
seg_103b32,3.9802337573880076
seg_105cd9,3.609171528482243
seg_1084af,6.90403311293207
seg_10a595,5.819229152911948
seg_10c09d,9.813416279991822
seg_10f3a6,4.305918452001024
seg_112b81,7.692304557246172
seg_1144bc,10.994039411596294
seg_114b79,5.247721042398436
seg_115617,4.162546543156606
seg_115a92,4.147162580180952
seg_11647f,4.372962920118215
seg_117278,5.559801524746048
seg_117ff4,4.56145436837231
seg_11860f,5.725805512912807
seg_1201e8,4.472975840763573
seg_121446,8.322786209527326
seg_121cba,3.1297414690256122
seg_122ba9,4.117108719243702
seg_123dd4,6.781013856982033
seg_12ac20,10.5654385631639
seg_12b9ba,6.882188502310168
seg_12ee6e,4.079104403052888
seg_130e17,2.843505207996484
seg_13468a,5.333079912428985
seg_136285,6.100617113166554
seg_136695,9.040464772036954
seg_137f8a,9.05741427937572
seg_138807,4.858809933426787
seg_13c2f0,5.230559718794519
seg_13e25f,7.576765115783962
seg_140bc5,3.3310298677693337
seg_141f34,9.441694606481201
seg_146926,9.21105228174399
seg_148698,9.022916000536235
seg_14ad27,2.5094231814845296
seg_14c054,8.57746305664588
seg_14c371,7.848439334834091
seg_14c435,3.5243782876126857
seg_14c89d,5.722398276432908
seg_14c8ce,7.937117168215122
seg_14d1d3,5.131748980927095
seg_14f5f0,8.357513768491113
seg_151368,8.361219826242772
seg_151d92,3.2559484408875985
seg_153d6a,9.762150612836333
seg_154361,8.418618008183387
seg_1562cb,9.45620383153025
seg_158691,4.379380068876323
seg_158764,7.627094596486127
seg_15adff,3.952601922154827
seg_15bf25,8.337922447737723
seg_15c9f9,2.847749370403231
seg_161aeb,7.807390194923342
seg_161f5f,2.8265048699591895
seg_162fc4,7.372098049782997
seg_16566c,4.990294616148506
seg_166f70,9.833481293496929
seg_168d1c,7.594122569643346
seg_16a270,8.144322324810593
seg_16c3a7,4.176244267056073
seg_17067e,3.662936483001846
seg_170684,8.619152212910027
seg_170a0c,8.702024404594965
seg_176542,6.823144432640649
seg_17799c,8.212656653026816
seg_179d90,5.881897651888241
seg_17adc0,5.1953318305221226
seg_17d1ff,5.102330406054874
seg_17e596,7.61490159621082
seg_180481,6.428257539227761
seg_18096a,7.002064871771428
seg_1815fe,10.011844583319919
seg_1827c5,9.73243170920663
seg_184222,4.674121752432938
seg_185ad6,8.34327057426992
seg_18d1d0,4.268267678568141
seg_18d307,2.0568933304776276
seg_18f633,2.0595070671160727
seg_18f853,5.3125135402803085
seg_18fb65,3.2185349181232072
seg_193404,10.681965665648786
seg_19515c,5.77933023534356
seg_195eda,4.736165135339165
seg_1969c8,7.8659163027612635
seg_19b08e,4.66362416710666
seg_19b9dd,6.748791952456765
seg_19e1ff,6.843057047374174
seg_19ec5c,9.808904781899429
seg_1a0e94,9.691610401917309
seg_1a0eca,4.888880298370374
seg_1a671a,4.628160360727011
seg_1a791c,6.05343847593956
seg_1a8e06,2.8927595742123486
seg_1a8f0d,3.9235461196745174
seg_1a8f2c,7.790149217455619
seg_1abcaf,2.475693078533272
seg_1ac9e2,4.797566886432809
seg_1ae362,8.455486735796663
seg_1afa29,3.529088785497644
seg_1b08a4,6.048051839684142
seg_1b1ad8,5.023875964615657
seg_1b2298,7.603118752257243
seg_1b78af,5.309609276321877
seg_1baf33,4.408407322298593
seg_1bd38e,8.90004363843795
seg_1bf7b3,2.874959337330958
seg_1c401b,7.089278550968565
seg_1c4c5b,5.246821925886307
seg_1c4e72,5.61573312442445
seg_1c849d,5.718074127960039
seg_1c904f,2.7922548627737673
seg_1c929e,4.937045795418959
seg_1cb942,9.860652474784096
seg_1cd352,5.625566406710803
seg_1cf1b5,4.570727593910663
seg_1d044c,4.34154737365952
seg_1d11e5,4.579708793161846
seg_1d596d,4.738301056589982
seg_1d980f,3.5869109350581976
seg_1da819,3.5942549903678653
seg_1db443,7.042915888160136
seg_1db8e8,10.16820154219469
seg_1dec9c,9.987612097851112
seg_1e0523,3.855938312960792
seg_1e0b82,7.793280151771941
seg_1e572b,7.866523960980553
seg_1e617a,3.9710491109682913
seg_1e61d6,2.2739614232426986
seg_1e677e,4.925116502986678
seg_1eae76,5.662705319343184
seg_1ebe6b,3.473558103555472
seg_1ece48,3.686287805083087
seg_1eeb8f,3.8209237805107485
seg_1ef708,2.927753355318443
seg_1f1e60,7.886048431225981
seg_1f3d44,6.9025134487978015
seg_1f3ede,3.618434478036815
seg_1f5240,3.494961684591366
seg_1f7cf8,3.164965104686467
seg_1f9aed,5.873893412886308
seg_1fa983,3.3317562813140693
seg_1fc7ab,6.615854528514642
seg_1fe311,9.811057159004372
seg_2005a7,6.077807822287864
seg_2018c8,9.823158074250433
seg_204dc6,2.7974669464272557
seg_208ba5,3.549760374399076
seg_2099f4,6.6253891911540395
seg_20a990,4.264887352817178
seg_20b8d0,5.8945716068575456
seg_20cbac,4.8096017864144684
seg_20cc25,2.0524078450672847
seg_20d9de,9.179489047489726
seg_20e9ad,5.333111365901118
seg_210388,5.0241473339625005
seg_211299,6.954500973097803
seg_211486,8.805228971711113
seg_214492,3.9475208255383083
seg_217eed,4.031960440949877
seg_218049,3.8001723605785798
seg_21eebb,4.510430794371236
seg_21faa9,10.96088773767898
seg_222c5f,2.488577688943872
seg_225320,10.066844796551063
seg_226e60,8.625919851895018
seg_229eda,7.183413878676735
seg_22e509,4.187709106194156
seg_2313d1,5.6315192689672084
seg_232559,8.77327703166274
seg_23323e,3.468520570712527
seg_2367fb,8.923040354618971
seg_238242,8.61233092029991
seg_2383c2,6.946192634917271
seg_2396a2,2.5896432699275933
seg_23b123,11.247078812436337
seg_23bdf9,7.856051286067581
seg_23c947,2.1431006641633643
seg_23efb0,5.62218877518783
seg_23f823,3.6721151938315852
seg_23fe27,7.772728411985209
seg_241266,4.0629623161513
seg_24157a,6.567535521523855
seg_24458d,6.7447586996233415
seg_2465ce,5.474658553101545
seg_247262,5.906908080201761
seg_24ba8d,5.105511676646445
seg_24c078,5.927270765392435
seg_24c1c9,4.619618752417967
seg_24e071,4.150624007587979
seg_24f338,1.8504801612512716
seg_257b8a,7.590021296217869
seg_2597af,4.88953909652032
seg_259c63,5.354941886870428
seg_259d65,3.865711369900657
seg_259dd3,9.064499220105908
seg_25aa9f,9.970970986836198
seg_25ab3f,3.5548109601459776
seg_25b38a,7.976339317035283
seg_25c8dc,7.686470798440578
seg_25cca7,7.366502451100695
seg_25e76d,2.8708359506496417
seg_26049e,8.655582787336908
seg_263deb,4.552353900041268
seg_263fb3,2.941440381113961
seg_2642d0,5.251960355964915
seg_2642d4,7.0868498497653185
seg_264c7d,7.2232733855128
seg_266805,5.2320958093421694
seg_266c6e,5.082630837869851
seg_266d4e,4.9735136611274475
seg_268249,6.544871429200262
seg_268625,4.202275582807893
seg_268956,5.260178863097148
seg_26a2a0,1.960826538934112
seg_26cba3,4.418268918916584
seg_26edaa,9.25015869398435
seg_2700bd,5.219020959283551
seg_272a47,2.0279842320969563
seg_274a1a,6.061189151032817
seg_2774c4,10.914227568503929
seg_279725,9.371725623688887
seg_27a282,5.715840698281833
seg_27b7c8,7.714695831719013
seg_27db4d,7.355925162261242
seg_27de37,8.07981368182361
seg_27f532,9.257524381323684
seg_27ff17,5.105913054394906
seg_280863,3.5531523390969477
seg_280e3b,3.764402078965322
seg_284223,6.500345914418153
seg_284923,9.768978630003694
seg_287e60,3.2338901855328483
seg_287fef,2.6636457817952506
seg_288001,5.086228765330422
seg_2883ec,8.44992051033311
seg_289d99,2.0055943932817217
seg_28fc32,7.054495216712904
seg_29022f,3.6426594260756024
seg_2916e3,8.627512786579343
seg_293dbf,4.493850454319098
seg_293dc2,3.4352031976643316
seg_29475f,4.229502236772274
seg_295b1c,8.287913266828348
seg_2977cd,5.607640316447748
seg_29a073,5.195554200208534
seg_29acb7,4.8569494274756275
seg_29c772,6.249423654964512
seg_29c906,5.375323427154381
seg_29d497,6.7162324138273615
seg_29d4c6,9.968157389664697
seg_29e799,5.161101744861675
seg_2a0ace,9.173049764413708
seg_2a0afc,4.820177502434378
seg_2a0dc0,7.905621581822169
seg_2a2f1e,6.446086277974523
seg_2a4551,7.647155242816856
seg_2a6343,8.063419759503208
seg_2a8351,2.789519520239065
seg_2aa101,2.5933872912993876
seg_2abd33,3.577331035185823
seg_2b2cb3,7.389894581568927
seg_2b372b,4.281686932269366
seg_2b4959,6.29867025246606
seg_2b6d52,7.081413176318934
seg_2ba79a,2.7438615233284818
seg_2bcbde,8.981005501515854
seg_2be983,9.96903051380275
seg_2bf5be,8.8665829973801
seg_2bf9dd,8.748257286190682
seg_2c3203,3.1676913309118233
seg_2c5e9f,6.804563822416817
seg_2c6011,4.571762111520474
seg_2c69e4,8.413251705716362
seg_2c762c,7.379376185528688
seg_2cac57,9.630266012729779
seg_2cadc0,7.434938441890839
seg_2cdbe3,4.270701116558691
seg_2d3828,6.171341137881342
seg_2d402d,1.9380403610136865
seg_2d427f,2.1098175368455463
seg_2d5544,5.397235357111664
seg_2d7cc4,4.398097219299407
seg_2d92f0,9.457241300105832
seg_2db7dc,4.834646967361384
seg_2dc6ff,2.0800634429057125
seg_2dccec,4.818716389273716
seg_2dcd3a,3.609827177310822
seg_2dcd84,8.583634554336106
seg_2dfb91,3.51526981036869
seg_2e2372,7.550476904471125
seg_2e50fb,4.460315687008349
seg_2e64af,4.958172789970602
seg_2e71dd,3.05791664701122
seg_2e88dd,7.041861832104662
seg_2e917f,6.1565042527702705
seg_2e9a47,7.194491083425509
seg_2ea616,4.46278613990723
seg_2eccb9,2.681316121393124
seg_2ece02,5.093669172207877
seg_2ed79b,5.871533862828597
seg_2eddf6,8.069080962743811
seg_2ee95c,10.229036645271965
seg_2efd5c,8.52343561934279
seg_2f1664,7.86106301560382
seg_2f4f14,4.220114176490467
seg_2f5695,5.046726097292771
seg_2f60db,8.027250019746665
seg_2f86cd,1.6810749558407174
seg_2f8e19,7.574209939781347
seg_2f8f6d,8.51823727004032
seg_2f9336,6.64755035371058
seg_2f9581,5.125929848086592
seg_2fb672,9.135061270363083
seg_2fe382,5.1285034543762995
seg_301c1e,7.4495582215908955
seg_30207d,9.39746410673446
seg_304581,5.1030968134190235
seg_304b87,4.814546208097533
seg_304df5,8.399247671184641
seg_30501b,9.588791253594495
seg_3065ba,4.927166092618959
seg_30661b,4.748962917765965
seg_306756,6.578825590328682
seg_30ad2a,2.3576724289327835
seg_30b043,3.9896808477193706
seg_30da11,4.027004365436876
seg_30fd84,9.758672809658995
seg_310230,4.065761601806658
seg_31064b,2.540184386085162
seg_311499,2.7165001155642905
seg_311b5e,2.983276938119055
seg_3128e6,5.536708439652857
seg_3151ff,6.224041606667262
seg_31631c,7.072361126249384
seg_316f86,4.672943998671877
seg_318135,2.297420981348753
seg_31a51f,3.676613399740461
seg_31a6cd,4.013920491694362
seg_31b808,6.8978937436976615
seg_31c0f4,10.014432130261696
seg_31d763,5.031354802117879
seg_31d7bf,2.7378343176936806
seg_31d810,7.132183255473516
seg_31ddc5,6.9770532171305115
seg_3234ca,4.386668111574112
seg_324447,6.622024200323006
seg_324537,5.344590365857731
seg_325790,4.0010568790100205
seg_326eb7,5.397818616859744
seg_327ed4,3.6538790944915625
seg_32906d,2.5207329987749643
seg_32ad0f,10.10814980120316
seg_32c904,8.200455439241278
seg_32d747,5.251869195823943
seg_32e763,4.849846056450003
seg_32f3a9,6.001806272385434
seg_32f6df,5.5457329087709715
seg_32f72d,5.094395367143381
seg_32fc4e,9.222715690579149
seg_330579,4.893445945310966
seg_3319b5,8.938833387097773
seg_331f2b,9.84671881066432
seg_3340b9,5.49787154103663
seg_335170,2.8441278778919212
seg_337b8c,4.490596611218641
seg_339f80,6.840852292685575
seg_33c30d,3.2635705441288985
seg_342ce6,8.137410228838883
seg_343571,8.232130032097189
seg_3452b2,4.866134839588343
seg_34a2b8,5.147537548591847
seg_34a8f7,10.211477541437457
seg_34abd2,2.3812346371034816
seg_34ef79,4.070432453805389
seg_3506d6,4.182617737937364
seg_35269b,9.85185092796373
seg_355717,3.2570694448639106
seg_355d19,8.473438594566598
seg_35a2d7,9.652102333393666
seg_35b009,4.880927988109273
seg_35b753,6.479867202030872
seg_35ba8f,8.835768789004598
seg_35c587,3.695960145231515
seg_35dd45,10.286730324054682
seg_35ee83,4.998623326364712
seg_36147d,4.0282551997924925
seg_361f5a,9.016873864361173
seg_3631ec,4.499175194627126
seg_3661de,10.145825064345399
seg_369570,4.828297054921866
seg_36b77f,9.819243958811006
seg_36e32d,9.392120130137766
seg_3706be,6.882983641137732
seg_373a04,7.407098712242018
seg_373ba6,4.440310278985012
seg_37608b,5.196407485896353
seg_3761d0,3.306736401705357
seg_37669c,1.8782377128425256
seg_376908,3.4757742161363163
seg_377134,4.545385107394792
seg_3788c5,9.027141888717564
seg_37bf85,2.6612472382507217
seg_37f3fb,3.9776513086227947
seg_38001b,2.6689767336707395
seg_383b6b,4.834341409017584
seg_383f2e,7.198727351656814
seg_3865bc,4.447356407421786
seg_3878d0,3.7242654916455846
seg_389906,7.576964410483691
seg_38ad16,9.741185127756825
seg_38ee24,6.231888891619194
seg_392019,6.319476148509667
seg_39300d,2.892008507924884
seg_395e0e,8.524553143694861
seg_397983,7.504595670837319
seg_397dc9,8.524908942273669
seg_398a25,5.15742092374621
seg_39a886,6.438605114539831
seg_39ad50,2.1079719933683823
seg_3a1600,4.57008776317871
seg_3a22ac,4.794605449550343
seg_3a80c5,6.341066875539079
seg_3a8a76,2.6163330203115844
seg_3aca44,3.4530731372606773
seg_3adb1a,4.019118609597038
seg_3ae4d9,2.977884883864331
seg_3af649,6.274975567150647
seg_3b2013,2.983935531640113
seg_3b30fd,9.671283521374047
seg_3b4414,4.564430517932088
seg_3b7175,5.132951320559909
seg_3b7724,10.59646278258125
seg_3b95d2,9.062630399838138
seg_3b95dc,4.415151643706752
seg_3ba485,9.510828534118993
seg_3bb90a,4.262917341115793
seg_3bc9ed,7.201807895992761
seg_3bd97e,9.816953419094755
seg_3bf9ac,2.596572462372543
seg_3bfcf6,3.860578522640081
seg_3c3ddf,3.248385684944733
seg_3c4106,3.251707053888074
seg_3c64fb,7.043572845431808
seg_3c8545,2.7243924973578095
seg_3cba49,6.737283494371674
seg_3cbccf,4.457063026036495
seg_3ce740,7.944566345137954
seg_3cfb73,8.193043294328675
seg_3d059a,4.144162345004606
seg_3d06cc,6.49785792254876
seg_3d19fc,4.214353714038338
seg_3d1cb3,5.9730904263807165
seg_3d1f2e,5.159173712404215
seg_3d581c,2.66651107467079
seg_3d6aac,7.05866507179444
seg_3d6e79,6.703175752593658
seg_3d9aa0,3.6839076388875722
seg_3db0a8,2.969035313291073
seg_3e00cd,9.904946611641574
seg_3e55d5,4.4488365330988895
seg_3e87b4,3.165938695819715
seg_3ec967,5.105599568968955
seg_3edf51,4.390179205418682
seg_3f2086,9.360111559265327
seg_3f3689,3.6499095627443463
seg_3f3983,7.558966747965464
seg_3f5be6,4.861501411230738
seg_3f80ef,5.0463642485890166
seg_3f99c8,2.441313033551319
seg_3fb24b,4.813506820058099
seg_3fc7ca,9.614160109128116
seg_3fdae0,6.409094265413067
seg_407b2b,6.356968248236253
seg_40b3aa,1.9522439364430937
seg_40f810,5.14465807274696
seg_411225,3.857053821054527
seg_414d0f,6.098489633108331
seg_4185b3,5.939806496518761
seg_419531,7.3971453856045635
seg_419b2a,8.567828248107826
seg_41a267,9.849695692349133
seg_41aadc,6.240490187013314
seg_41ab7e,6.2240098266640125
seg_41be18,7.988447838737058
seg_41be7d,6.763459114254935
seg_41f45e,7.195264871699948
seg_420bcc,5.867773494314144
seg_420d4e,5.939634911048707
seg_421a96,5.909248214284061
seg_421da1,8.425651141814066
seg_423ebe,5.339968570739357
seg_425462,5.078342277841694
seg_42648c,3.6198332053223945
seg_4280d9,9.799767204296131
seg_428d66,4.387673889053929
seg_42c4c9,4.536961745257009
seg_42e7e8,5.14434469804299
seg_42ff14,8.79359551652505
seg_430e66,7.142123213307652
seg_43383f,4.639711357206833
seg_434c96,2.818342354624278
seg_43597f,4.486639397624029
seg_43c6f4,7.649520011070471
seg_440106,9.157242026908845
seg_4401d8,7.40859595167439
seg_441c6d,7.590991830723324
seg_4435bd,4.2744136909009205
seg_447972,3.803238008690835
seg_447b8b,9.242992793685366
seg_447cb3,9.041695902667522
seg_44d3ca,3.9478827057139494
seg_455b16,5.272740325241781
seg_456149,8.58430134200305
seg_457234,10.683172998475
seg_45838b,6.229816532935368
seg_4587bb,7.7806752548320315
seg_45a8a9,3.1414677549935357
seg_45b051,2.010826481763826
seg_45e062,9.862925962529786
seg_45e4ed,4.488637529067061
seg_45e7ad,3.3430496390822593
seg_46012e,9.121947810122151
seg_460436,9.158111214937177
seg_461ab5,4.291828066533178
seg_461b63,4.9751017400812305
seg_462c1d,6.970622979355602
seg_464839,6.261635310129918
seg_468bc9,10.308990394376899
seg_468fdb,4.004377100769458
seg_46a42b,3.9529396634933276
seg_46b84d,6.893481887997971
seg_46c6d3,7.627975574956104
seg_46dd7c,3.685604959622621
seg_4729a7,4.657085652878442
seg_4743ab,7.112491926222946
seg_4743fa,10.663764839690826
seg_476700,4.398258248049837
seg_476bdb,3.1882026251963884
seg_477c83,4.22604495271218
seg_478327,6.7054549200380205
seg_47a48f,8.159113148633995
seg_47d374,4.287226332807038
seg_47fed6,7.774705157735896
seg_482745,5.3960258755117305
seg_4848e3,5.244783176031491
seg_484901,4.784509073278118
seg_486973,4.745311272786822
seg_48a4b3,7.895363536916961
seg_48a80c,3.491458710818017
seg_48b545,7.406393510948665
seg_48feba,5.242604484063911
seg_490092,9.259801926136781
seg_490d6e,7.1139263661124925
seg_492dc6,4.462847573766139
seg_49322d,6.96112939474286
seg_49336f,4.2280685681406665
seg_495573,9.083855038268672
seg_496d07,3.7626708365467647
seg_496dad,3.1406060764402493
seg_49b0cb,10.308944082165857
seg_49d84b,7.302481775259009
seg_49fdf0,9.018472226045086
seg_4a2525,8.056367650649216
seg_4a6096,2.4800344346768353
seg_4a719c,4.262464247423877
seg_4a91a9,3.644534091010686
seg_4a9e6b,7.3905598170420586
seg_4a9e8d,8.014933728550258
seg_4ab7bf,9.454663008814752
seg_4abc29,2.751215243520382
seg_4acc4b,4.555989640395512
seg_4ad5a2,7.19781787622918
seg_4ad674,5.043722842948825
seg_4adeda,9.449345182799027
seg_4ae37c,7.641194533950106
seg_4ae712,8.92087278674996
seg_4b0839,2.317740066615629
seg_4b4c91,7.7926694949368125
seg_4b4ffb,4.194160266673163
seg_4b8044,5.125747836748791
seg_4b953a,3.762827128433651
seg_4ba3d1,7.079722376078367
seg_4c067a,5.323607823375506
seg_4c12b2,3.630417631087926
seg_4c18e2,2.5335521292955545
seg_4c3a2b,8.685373154146031
seg_4c4995,6.332510291097398
seg_4c65e6,9.036258042143798
seg_4c8db6,8.806076786787223
seg_4ca6de,6.4656836043232175
seg_4cb0d7,4.912587775953085
seg_4cb9c6,5.327216110115101
seg_4ce234,6.662244639391911
seg_4d0008,5.073027761054346
seg_4d0041,8.946595371698299
seg_4d0c45,7.31913684182635
seg_4d18f4,2.806822141581395
seg_4d2671,6.762223171235632
seg_4d53c2,9.042280908083598
seg_4d5a4a,3.6557832821092138
seg_4d7c56,5.129833780798644
seg_4d8f0f,5.511971008722721
seg_4db886,9.68288003230743
seg_4db997,3.7441433631896985
seg_4dbbd1,7.854701979955574
seg_4ddddc,7.243349430282743
seg_4dfa03,2.9277533110065375
seg_4e0c4a,8.099416831129643
seg_4e2c66,2.999518140376918
seg_4e3bd7,2.711253683953596
seg_4e627b,5.261342212624951
seg_4e9646,8.173912813692114
seg_4ea3fa,6.384716430133582
seg_4ea81c,4.052520342041782
seg_4eb127,3.3910310428810555
seg_4eeaef,3.0694202948791784
seg_4eef28,9.100093162949037
seg_4f48b4,2.2484530649199588
seg_4f5931,9.283220272598257
seg_4f76a2,5.263024925684265
seg_4f83a3,7.594142952918968
seg_4fa87d,8.907938548121676
seg_4fce5b,4.016417609839203
seg_4fd191,3.6153993067567027
seg_500108,5.61971542823831
seg_5009d9,2.912863137404486
seg_500c80,7.017181441122186
seg_502fab,7.111811224532731
seg_507065,4.584639990169455
seg_5090fa,7.082601658669566
seg_509d55,4.799297561171269
seg_50a667,3.7565024213765232
seg_50b048,6.048265281632702
seg_50e270,6.972206113484918
seg_511d25,8.117447903102383
seg_512b3e,8.555896306889714
seg_514543,4.854657894994487
seg_5147e1,5.027004719122682
seg_514b85,10.502250566679644
seg_5165a4,7.065712167236583
seg_517345,5.984904100682792
seg_517425,2.9223424712675685
seg_51865e,4.294164571777684
seg_518b1e,2.7022145605110324
seg_51b68c,10.369047413090849
seg_51f0a2,3.8305643626611405
seg_51f6fd,7.050950112247936
seg_521a88,6.616084758153205
seg_523945,2.830755114220964
seg_524b39,6.169489976120152
seg_5254ce,9.270270044076247
seg_5255c0,8.012653024698274
seg_52636c,2.3165045297638622
seg_529be4,5.357445809302559
seg_529c99,4.4539017294180905
seg_52c139,10.265492361308521
seg_530a02,11.405064119299775
seg_53103b,2.9276086022899834
seg_5311d1,3.495405824109577
seg_533613,8.077482483926051
seg_53498a,4.010977471865623
seg_53a557,4.696111140554354
seg_53a5fd,6.667838397348145
seg_53bdf5,9.683837477862008
seg_53caf1,7.615215881310833
seg_53d818,4.517988505296414
seg_53e645,6.771289915263308
seg_53fa13,4.50197415225193
seg_5407b0,3.8376853003176414
seg_5445bc,4.527168927185296
seg_54490e,8.642442222679156
seg_545fda,9.302789291433506
seg_5467c8,8.492599526036793
seg_546864,9.81286029696026
seg_5470ca,5.344207682675298
seg_5495ca,3.761618791838124
seg_54af0d,3.5660470732547713
seg_54b0ee,6.97751991416215
seg_54d0f3,3.209011495933522
seg_55239a,3.533610859578764
seg_552b8e,9.140372765483221
seg_5559d9,2.2576464539450916
seg_555f63,2.1457707131790653
seg_5597ed,5.102384276890171
seg_55a0c3,4.108132743548429
seg_55a9a4,7.4465913315754335
seg_55b566,2.188229795334833
seg_55d50b,3.1581835271981102
seg_561cf4,2.3867213346385103
seg_563059,7.105351981690037
seg_5639b3,5.627950812628825
seg_566efe,10.064370394378443
seg_56e3e7,10.53637695960318
seg_56e6f1,5.7424248781304215
seg_56ebc7,3.888089410552767
seg_570a20,5.0268370958679585
seg_570d69,9.68848383536948
seg_572172,6.9516982765809425
seg_5759c9,6.742617859408505
seg_5765b6,7.593958334416535
seg_578e84,8.864209052798492
seg_57908c,5.1213780173367285
seg_57b6c0,6.799176948016053
seg_57dd68,9.107670300484427
seg_57ea44,3.523719416081695
seg_580b65,7.241189277694121
seg_581fac,2.585591337008188
seg_585872,7.976417478199702
seg_586726,3.8877283135041942
seg_586c0f,5.153060063331074
seg_5887a8,9.290600550555494
seg_588f61,2.8433859615440857
seg_58d52d,9.760708997711166
seg_58e74b,2.8676157814932024
seg_58e9f9,8.409920366009128
seg_58ea74,8.356152453075875
seg_59058a,2.004942377888485
seg_590fa5,5.041455456333612
seg_591954,9.964326552184785
seg_5924f5,4.222938141142978
seg_592807,8.315823851753246
seg_593c34,4.88193914205476
seg_5965d8,3.5378897585032973
seg_596ae3,7.668269267857273
seg_5975f4,3.8105506155058757
seg_597bd6,7.302905099593864
seg_59818b,6.706991016485333
seg_59cd7d,3.3760840435367356
seg_59cfdb,9.495043944312469
seg_59d484,4.922259238650287
seg_59de0b,2.262497287113544
seg_59e1db,8.281320683249156
seg_59eb97,5.518077184245534
seg_5a0479,6.625069849403592
seg_5a1adb,5.018624708482225
seg_5a242e,7.5905532924941
seg_5a67b5,8.653084673306585
seg_5a947e,5.597699686590897
seg_5abfdd,4.804692749802287
seg_5ad847,4.077913655606053
seg_5b392b,2.4473191432303687
seg_5b7325,3.8190164678277303
seg_5b8c39,3.805235406898741
seg_5bc0b0,8.228663114225672
seg_5bd9ae,4.009972528713
seg_5bdb47,3.2506258024738135
seg_5bfbf0,3.98024078431382
seg_5c0929,3.986946544529105
seg_5c1a4d,2.881261791795767
seg_5c530f,3.4627955654922773
seg_5c57a8,3.4286237791337064
seg_5c8ae5,5.589789253331869
seg_5c9077,8.01144827011658
seg_5cd98b,4.6668415803093515
seg_5cde88,2.330296832811998
seg_5cfba9,9.42061577568481
seg_5cfdc4,5.359980312005716
seg_5d333e,7.688843079616095
seg_5d45db,6.940544243718797
seg_5d92af,8.039250947634473
seg_5d94b2,3.5857624701100805
seg_5e020f,4.881484812705135
seg_5e0902,3.2268822459047213
seg_5e1bba,6.019269319858573
seg_5e541f,2.590729220918457
seg_5e635a,2.8852868695419325
seg_5e668a,9.324658782776027
seg_5e70a7,7.813992301714677
seg_5e7abf,4.758984035760457
seg_5e8ef4,7.499392165187791
seg_5eb380,3.861744178038086
seg_5ec0e3,9.830242687399512
seg_5ed47e,8.043212153557363
seg_5ef47e,6.833111980516312
seg_5f0a92,5.26705702383146
seg_5f24d3,8.961324283527455
seg_5f352e,2.622955302949629
seg_5f355e,7.83669928110481
seg_5f46a5,8.85241972462418
seg_5f7fd9,5.39106486422371
seg_5fe414,3.5408437153962735
seg_60277f,4.627846713099068
seg_6074f9,4.677526813616718
seg_607559,6.7306054556648665
seg_60ab20,9.972194873989427
seg_60b696,5.580559717277969
seg_60dacd,10.43223873747807
seg_60df2a,6.4393548156290805
seg_610379,5.082404907728031
seg_61219c,4.900962994446811
seg_613702,4.460601538672753
seg_614b50,2.2995642035924106
seg_6153ca,8.046368386950324
seg_6167f0,5.991765017744505
seg_616c8b,8.9669138526956
seg_61b50d,4.739146067701722
seg_61f504,4.076402606026091
seg_620ee4,5.776784175575603
seg_622e9d,3.332873874739727
seg_62331a,4.793945890964134
seg_6262c4,9.277692822853117
seg_629822,4.220950674949346
seg_62a403,7.914592392004783
seg_62c582,3.33930451152169
seg_63130f,10.591592334035388
seg_633651,4.7105218424667346
seg_634180,4.462007310015662
seg_634f05,2.7501080649898775
seg_635770,8.377965656872677
seg_63582a,8.885751225774502
seg_63c13d,5.496074945284432
seg_63c518,2.5568143726724095
seg_63c8e4,9.432129701891265
seg_63c983,3.444552822093554
seg_63c9a3,4.078600262419936
seg_63d651,4.721498692781795
seg_6422d1,7.457344972713524
seg_643d1f,5.461806752710714
seg_643f86,8.287460527572433
seg_64bcb9,10.146872854798044
seg_64be5d,8.816638399384344
seg_64be91,8.85966805504804
seg_64daae,2.5101587297291013
seg_64dcf0,6.639718589938654
seg_64f8dc,4.829855713743517
seg_650de2,4.5345826896019785
seg_651808,2.9565480945895217
seg_652cc2,5.016041055509945
seg_655780,3.742330525369163
seg_655ad6,7.582163773633031
seg_655cae,2.927740790249546
seg_658bf4,2.3124138277138
seg_659ff8,5.086515310343808
seg_65b962,4.975399316753454
seg_65c4e1,7.355403728950154
seg_65ef95,5.042821552687119
seg_65f01e,8.897483715784638
seg_65fbac,8.686267505831827
seg_660fe1,3.4781132979185325
seg_660fef,6.335262671929887
seg_661629,3.7815962415560302
seg_666056,4.005123660938396
seg_6681ee,1.9920929339194717
seg_66820a,3.5213583583284596
seg_6696d0,5.2378371817848395
seg_66b7c3,7.507090902337957
seg_66e45a,6.566117786069269
seg_66ed4d,2.510489110154838
seg_670bde,3.577528153379913
seg_67330f,5.63981169990684
seg_673c60,4.492925139825634
seg_67599b,6.695242559515944
seg_679dd2,6.896427657814954
seg_67aa76,5.308949518287236
seg_68102c,8.757030694128638
seg_683ddf,4.493896858416325
seg_686edc,7.35640373777786
seg_687a5c,2.1888907663608728
seg_68a484,8.134710862765857
seg_68da94,3.715839078351509
seg_691a72,5.808173981083652
seg_692e7a,8.91439067266261
seg_6951e0,4.791991961705306
seg_695380,2.7133895428371098
seg_696621,5.018611000571877
seg_6968c8,4.450508166001205
seg_69787a,6.7966266132116555
seg_69a230,4.785749256257419
seg_69a53e,6.868780177724952
seg_69dbad,6.154492015926292
seg_6a05e7,4.725427468563832
seg_6a116b,4.802519070231965
seg_6a26de,3.1312287544156874
seg_6a45a0,4.789054455793332
seg_6a4ad1,10.070904792659807
seg_6ab188,6.465979214986124
seg_6ac67a,4.800609108452605
seg_6ac82a,3.8728961739678445
seg_6ae32d,4.453464208329978
seg_6b0107,6.512021569798854
seg_6b2ce0,6.551748594458516
seg_6b3a9d,3.625879998269007
seg_6b4e04,9.11619388797708
seg_6b536d,4.777356122636142
seg_6b9511,7.428738097577378
seg_6b9d02,4.803578474157883
seg_6be48e,4.087279976493123
seg_6c292b,6.359771598803407
seg_6c309f,4.658893057544362
seg_6c34c2,3.7822809508009345
seg_6c8a45,4.874013280340207
seg_6c909f,3.7097449514141716
seg_6cfb76,4.915648151558429
seg_6d01a3,7.991335583504128
seg_6d35cd,2.4577223654238773
seg_6d36a1,10.015284766019544
seg_6d4109,7.768827472496155
seg_6d4fa6,5.332263992558639
seg_6d6fad,4.466823920424246
seg_6da1ff,6.5417475750088
seg_6dac5d,10.627439380430557
seg_6dd0fc,5.085264136223397
seg_6de4fd,7.999929386561485
seg_6de935,9.8361667437607
seg_6df48e,8.636964419556389
seg_6dfab7,3.851258628931615
seg_6e12ae,4.576521468460939
seg_6e12ee,3.0531353376929338
seg_6e1ee7,8.504834765763059
seg_6e572a,4.260085360804463
seg_6e5a38,3.454405991588352
seg_6e7f73,9.51229253460155
seg_6e98aa,5.15653086689986
seg_6eb146,7.6735630121554745
seg_6ed49a,7.575393802108971
seg_6edcb8,6.940643046270077
seg_6eedcc,7.748714837838204
seg_6f17de,3.432415596700258
seg_6f2222,4.014994653227577
seg_6f3d90,6.460878506218053
seg_6f60b2,3.390838048414196
seg_6f650f,8.980128500215411
seg_6f9a98,8.15724161790367
seg_6fb17f,5.081197166633573
seg_6fc3ef,8.44390319626779
seg_6fc8b3,6.247826460027035
seg_6fd5bb,8.90618861377087
seg_7012af,9.522066293883892
seg_7020c5,8.023539066188848
seg_702e03,4.127074045769424
seg_703cea,7.0731770566680225
seg_705463,3.8357182715296525
seg_708349,8.95405791566309
seg_70991d,5.885169756733283
seg_709b6a,9.201049730730773
seg_709d08,7.402086328788937
seg_70a60e,7.026440807943667
seg_70b375,6.929237331513379
seg_70be4d,10.09599537979716
seg_70e891,5.13285601051876
seg_70edf5,7.671912630691171
seg_70fb30,8.862205104821868
seg_7120ac,6.0574088611744346
seg_71238c,8.679844531488678
seg_71348a,3.2195530018930274
seg_715e2c,7.533254565135325
seg_715ff6,7.388314756712124
seg_7189ca,7.542293630576921
seg_718b53,3.7080713024399583
seg_71936f,3.1399402038338162
seg_71b4e0,3.146277139277582
seg_71b975,3.7926941413038078
seg_71c9e9,4.092591974164396
seg_71f571,4.151780636310213
seg_7211f1,7.496571081720374
seg_724df9,1.6083163628800685
seg_725772,7.596015108513545
seg_725e84,2.3759324490049236
seg_727fc7,4.916345955419213
seg_72858d,4.3136538722703035
seg_72859b,4.898920459744017
seg_72aba8,5.012430834448221
seg_72b68c,10.141573599164273
seg_72c307,7.871112566163957
seg_72ebda,6.522237227100358
seg_72f40a,7.003553921251684
seg_730ebe,5.0234379377756335
seg_734a88,8.811964141688776
seg_73565e,4.909646890228302
seg_735cdd,3.927925449661865
seg_73858d,9.911462982100861
seg_738be6,2.958190381177599
seg_739643,6.479060087222225
seg_739679,2.3562312854890775
seg_739856,10.018424461189555
seg_739fb0,3.1631081848168883
seg_73ab4a,3.761610055450693
seg_73b0f7,8.018552409912765
seg_740837,3.1431820406142763
seg_741fc1,8.2410690410221
seg_74235f,5.472369218768313
seg_7428e7,6.808716495903955
seg_743775,7.401026516686226
seg_74537f,6.606482211167975
seg_746d1d,5.439522641548896
seg_7480f4,8.238107701667907
seg_74b264,4.703504341263724
seg_74b3bd,6.731875543521307
seg_74ce61,7.869996616640785
seg_74d58a,8.354069224870653
seg_74d8cc,5.6385448086734815
seg_74dda9,6.839678554700819
seg_74f330,3.7783449259400426
seg_74fcfc,9.107559124262265
seg_74ffde,7.311062967708246
seg_750244,7.076519092739071
seg_750c93,2.710528246161803
seg_750d20,6.425922822862843
seg_750e7e,7.299413651534714
seg_75211e,6.281680157090326
seg_753190,6.969049868812089
seg_753ba6,3.4563196399443616
seg_7540f3,7.00215401266018
seg_75438e,6.334553003995851
seg_755d50,4.326058141361438
seg_75654d,4.603011617027661
seg_758374,2.237765719076797
seg_758ca4,3.8680508320661926
seg_759fb1,5.868591919028172
seg_75a878,5.037039278814717
seg_75c34b,3.7743238472016563
seg_75cd6a,4.785293024708793
seg_75dc3e,5.117644704941842
seg_75e669,2.2286207299432985
seg_75e93c,3.8166526847047804
seg_75eb90,7.495162498689911
seg_75ffc9,6.80816128107587
seg_760d70,4.869677878286486
seg_76106f,10.057889849472609
seg_762188,9.713316067584996
seg_762be4,4.189880316598323
seg_7630c5,11.411366446866193
seg_766e42,4.009344151878428
seg_76b76f,10.8749162254175
seg_76c2fa,3.9246372891635892
seg_76d16c,7.2455133131856195
seg_76e914,5.428846683070745
seg_76f1af,3.045458036598125
seg_76f3f2,9.565267182215603
seg_76f76d,5.994932650674441
seg_774ad2,5.059289666794479
seg_77bf79,4.580802373006677
seg_77c546,2.253159666692026
seg_77db7b,9.58768866504056
seg_77dbe7,5.077786957979161
seg_77df38,7.540891131420251
seg_77e7bf,4.823507745238604
seg_77ea14,4.844550581871064
seg_77f9e3,2.0550027597828433
seg_77fe77,6.544069332300182
seg_7848f8,1.5377103705765902
seg_7862ed,3.7144416722976255
seg_786ff6,7.523375212694837
seg_78852d,6.746831450386925
seg_78addc,8.878422611807139
seg_78d817,4.20425194554086
seg_78db0a,8.841759690242887
seg_78ded2,2.0754937828824027
seg_78fc4b,6.932116798451321
seg_790108,7.476156325778911
seg_7949da,3.6249806666419957
seg_79c47a,4.24650006512541
seg_79dc90,7.784258648032781
seg_79e301,4.022179392978992
seg_7a09ec,6.357985034705309
seg_7a521c,5.260613178730951
seg_7a5243,3.5804464897069295
seg_7a9228,4.243827035102672
seg_7a9f2b,2.282231021292395
seg_7aeca4,6.433765844090126
seg_7b0936,9.599035170703804
seg_7b2994,3.2098264274050265
seg_7b3017,10.097055647678708
seg_7b5f90,6.6269688662465605
seg_7bb771,3.1217407436727616
seg_7bec10,9.82776690621925
seg_7bf143,3.1338348624093606
seg_7c0376,2.1658708598979977
seg_7c10c1,3.753346276266016
seg_7c2beb,8.85377871455409
seg_7c2c48,2.9308596598634944
seg_7c6c31,9.035368790739241
seg_7c88d1,3.3491650450374264
seg_7c9433,5.914266056614286
seg_7cb417,3.7114708213806153
seg_7cbb45,4.905159374741238
seg_7cd6b1,4.595224683413396
seg_7cdfe5,4.297902214614417
seg_7ce9cb,4.361947217737332
seg_7cef95,7.438038001024227
seg_7d17eb,9.837272881442662
seg_7d2535,2.2574162971820644
seg_7d2e57,7.392395650914607
seg_7d65c7,9.590477053924957
seg_7d718e,9.484594954605363
seg_7d88e3,9.221761850214603
seg_7d994f,4.139850987627409
seg_7ddc30,9.4008428028965
seg_7df3dd,5.879158912638524
seg_7e3b3e,4.954621707191127
seg_7e9eb7,10.134920381544752
seg_7eb108,10.614955697229867
seg_7ebdc3,4.516844749422854
seg_7ed2dd,4.633006225838697
seg_7ef97b,4.194479438547018
seg_7efdd5,7.376958857369585
seg_7f3ab0,5.644080127329012
seg_7f5b6f,9.653225146485317
seg_7f786b,4.841034830595737
seg_7f93b2,3.6936615035699107
seg_7f9b3a,5.993012264841264
seg_7fa6ec,1.7128999697444145
seg_7fac26,9.766138826320132
seg_7fd3a3,4.634081471485926
seg_7fd6b7,9.941663483533848
seg_80211c,9.443186542323044
seg_804fb5,6.487946098706368
seg_80622d,7.092871581915137
seg_807901,4.201176040197423
seg_80b9b4,7.104207121467048
seg_80fb86,6.076748362607411
seg_812962,4.34988258476153
seg_812a50,6.009104089241664
seg_813aab,3.0857647128088193
seg_814b1f,1.9249842144435305
seg_816b7a,2.6728346362447426
seg_818382,6.133336421075277
seg_81a8ea,9.713634726007912
seg_81bebd,8.627637162796372
seg_81c1a6,9.042981595325186
seg_81c432,3.9944285587351502
seg_81f798,3.3721271528562013
seg_8200d2,4.480361180972011
seg_82303e,3.4477616609440886
seg_82316b,4.3500156457832695
seg_8244bf,4.579121721906982
seg_82456a,2.4303674902476358
seg_826208,6.2367605438725935
seg_827804,4.447818566375487
seg_827a21,5.187474005160529
seg_827c07,4.94071817075666
seg_82c138,6.898574447257425
seg_82ce27,2.989242485079524
seg_82d7b6,4.797480391286948
seg_830cff,4.878862850059117
seg_8310ea,7.931550178543377
seg_8324a4,7.646713410561061
seg_8328f5,5.497244039006297
seg_832a4d,4.753767401888129
seg_8344ee,4.6730712767270814
seg_8353f5,9.732549693688092
seg_836aac,4.526035065658185
seg_836ef0,2.962102924443491
seg_83bef8,5.192791106353784
seg_83cb2c,4.743760527236441
seg_83dc2e,9.621390515976106
seg_83ef67,8.720556566493219
seg_83f476,5.489998240348893
seg_83f89e,8.363051261160269
seg_83f928,9.702771504355473
seg_8456d3,2.962928525650021
seg_845a2a,9.73652830827257
seg_8472f3,9.195335865910847
seg_848695,4.528473789392763
seg_84a65d,9.749946292604715
seg_84b9d9,4.475952074349513
seg_84c7fb,4.988900751915667
seg_84fc12,9.268025192513957
seg_8509db,4.932620315349052
seg_850d95,3.8414371243167436
seg_8515fd,4.809303369664579
seg_853302,7.776622066407693
seg_854d91,9.202769192455667
seg_857304,5.117193623005081
seg_85762d,5.875806766803063
seg_8599ec,4.203595568561543
seg_85c1c0,4.385135507407959
seg_85e90e,8.088767463104235
seg_85e9c6,8.990302966034443
seg_85fb0a,2.094971381206778
seg_864fcf,4.404688596473028
seg_8658b3,7.000062378397777
seg_86720f,7.907601195156312
seg_8681aa,7.846715914572961
seg_86892f,2.47473965265519
seg_868c85,7.547344497024145
seg_86cfe9,9.019989520622424
seg_86d847,8.858573302765848
seg_86e874,2.1372139201379765
seg_87232d,5.6302928131326055
seg_876904,7.1341347811964635
seg_8773cf,3.4523345494220194
seg_8777bd,10.039073242765486
seg_8785e2,6.544892290932117
seg_878d2c,9.632802357467632
seg_87a616,2.831927423006718
seg_87a67a,4.909153867665028
seg_87e4e8,2.968424977042826
seg_87f6c8,7.6477679250230475
seg_8826f4,3.7041847558247736
seg_885f53,8.287251357558455
seg_8866f0,2.0054567538632013
seg_88a81d,4.585806750781756
seg_88b289,9.886078535148187
seg_890181,7.909453755762996
seg_89791c,4.4063910985229855
seg_89885a,5.084242075661442
seg_899bf0,4.026458068999915
seg_89b090,2.042439771760736
seg_89d8a0,4.919007952164951
seg_89e207,6.4242431869367875
seg_89eed6,4.2742110703117735
seg_89f975,3.438009794024044
seg_8a3306,4.8153743258591515
seg_8a41bf,3.1557971106606906
seg_8a6b0e,3.079296647812024
seg_8a7201,4.197588484737904
seg_8a8220,6.847238834231584
seg_8a8375,7.899870531018785
seg_8ab3a7,2.0462728716159755
seg_8ae847,5.723238540655283
seg_8aeb99,9.437730094812611
seg_8b39c4,9.058069974999537
seg_8b798b,10.210136600255481
seg_8baeab,4.807702979244372
seg_8bc20c,2.584215393252356
seg_8bde47,8.828270729203272
seg_8be2da,6.5303247957248285
seg_8be76c,2.340916438394828
seg_8bec6f,5.643359768294099
seg_8bf229,6.539076524972716
seg_8c0114,3.876479006988797
seg_8c1760,9.488348686640041
seg_8c1cca,5.115560065255009
seg_8c1e7d,2.887154889355722
seg_8c341c,8.714433157075621
seg_8c6d4e,2.628866518114825
seg_8c6e34,2.268666903321374
seg_8cd159,3.2589903708813797
seg_8cdf83,4.757468386656813
seg_8ce632,4.393549233749965
seg_8cf573,5.185723092541034
seg_8d030a,5.459155247921675
seg_8d135f,7.753858025004368
seg_8d3a9d,7.132226845380362
seg_8d4435,4.998689153230963
seg_8d4965,6.011172571360841
seg_8d5113,5.50519494446679
seg_8d6578,3.6873410901473687
seg_8d6a7d,3.5797890434819273
seg_8da61a,5.819107114421873
seg_8db6f0,7.762985380745653
seg_8dcf3c,9.410774202659205
seg_8dd2ab,2.7418965394250803
seg_8dd3ba,5.2821407182042135
seg_8dfc7e,2.9099828307396454
seg_8dfd7a,2.366018502142146
seg_8e5704,7.886057059676151
seg_8e6a3f,7.350320093154908
seg_8e7194,4.281768760890222
seg_8e7fca,4.492732092962448
seg_8ebdea,7.951056259065485
seg_8f1127,2.0885316740743183
seg_8f25b0,10.159997437879564
seg_8f3247,7.238365408475504
seg_8f3dfe,5.4773577502107305
seg_8f4654,6.194265753192501
seg_8f4781,3.5755813391513462
seg_8f5589,7.825150597667097
seg_8f592b,10.038913507532722
seg_8f6284,4.28737260499166
seg_8fb0d0,5.513663269500083
seg_8fb29e,8.69374982435034
seg_8fb828,9.229053170351918
seg_8fc754,8.795240238334662
seg_8fd465,3.8874718002684663
seg_902074,8.741220164875909
seg_902bc1,8.380458991357854
seg_903aba,9.2563950625879
seg_907c52,5.9029553766408025
seg_90a0be,2.0906850589509736
seg_90b174,3.284268795360355
seg_90bf60,9.325495483543746
seg_90c258,10.1760566256457
seg_90e904,2.2073443731342897
seg_90ec68,10.027819811704195
seg_90ef18,9.852748857873017
seg_911066,5.0406140428066974
seg_9122aa,3.404601294025606
seg_913ffc,6.323072271671434
seg_914a62,4.462065982964502
seg_91596c,7.1461444257605855
seg_915b3e,5.0301146954566205
seg_91607c,4.374583454585407
seg_919a6a,3.5495357590332057
seg_919c5c,4.999171456455833
seg_91bf8c,3.8450898935733426
seg_91cff2,3.705036998718777
seg_91eaeb,6.370231531807715
seg_91f512,4.491806977444696
seg_91f664,3.6845924948328386
seg_91fc29,3.904868307447587
seg_920132,8.942633469146443
seg_92092a,4.556400041144504
seg_922914,5.330391520801362
seg_922990,5.233326810940401
seg_92310f,6.048761570626078
seg_929ded,5.872436011679218
seg_92a5f1,6.303388201711408
seg_92af10,7.577117710005899
seg_92b095,3.372145872816204
seg_92bd37,5.360189187449073
seg_92be9f,6.169424503825258
seg_931244,8.619253678388977
seg_93211c,7.219172834859035
seg_932828,8.28549730264016
seg_934087,5.235877146101689
seg_939f5c,6.5126628829697815
seg_93d864,5.781497704438184
seg_93f935,4.849685282809183
seg_941759,7.7695727251314555
seg_943de0,10.090774306579249
seg_944c98,2.863193995377853
seg_945bc8,5.37725733740725
seg_946d71,11.161218044258902
seg_946d9a,5.006161939232301
seg_947700,5.640291061195945
seg_9485c0,5.092582010996864
seg_94a133,4.5555527446518225
seg_94aa0a,6.722149751350324
seg_94c48c,7.138800342275524
seg_94d150,4.426860429691338
seg_94d573,7.957928948698047
seg_94ecad,8.098165385513266
seg_950048,4.639696009330759
seg_952faa,4.1158379478432
seg_95357d,5.039471529106724
seg_95644e,6.206462799651826
seg_957ece,3.6315716909205946
seg_95b321,2.403612249897329
seg_95f45e,8.974533436650784
seg_961d02,4.437735973896044
seg_961ddf,4.69463450113585
seg_9626a4,2.715029300798757
seg_96642e,5.156926817080467
seg_966f3d,2.940108870412213
seg_967ae4,7.786216144930399
seg_96cd5d,4.1788940649954185
seg_96dab2,9.989047366942932
seg_96db5e,5.798774400066507
seg_96fa35,4.643984320414356
seg_970b35,4.204829213027562
seg_970e86,9.465511621406568
seg_974049,4.700489681562135
seg_9757ac,8.25602445803667
seg_979a8f,3.507536302019835
seg_97a161,5.459970532035694
seg_97ad82,8.37488995748657
seg_97d9ed,9.098549428521343
seg_97e4a9,9.47683929911872
seg_9802c3,5.326412411972832
seg_9825e0,6.771374270837002
seg_983778,9.554863865771422
seg_986976,5.975415269468819
seg_986b6e,9.861845251476527
seg_9872f9,5.312175705189121
seg_988e69,2.320324048717791
seg_98a819,6.270356660764632
seg_98be13,6.607918384329929
seg_98c0b6,4.481797000508543
seg_98c44d,4.3752136402308315
seg_98c544,4.370345732889629
seg_98ebaa,10.431438709740863
seg_98f624,8.590600227917939
seg_9940e8,9.391242460210524
seg_996c37,10.800649060092297
seg_99ccbd,3.9166072020827722
seg_99f677,5.047658866687046
seg_99f76c,5.585047241665221
seg_9a1a4f,6.210864483354141
seg_9a1c76,4.884312283296529
seg_9a43ef,8.44111881910907
seg_9a6025,6.676908298215301
seg_9a74d8,6.49174308924348
seg_9a7c46,5.737772541188356
seg_9a7d1d,2.672169470323686
seg_9a812d,4.866920467208808
seg_9a81a3,7.139559280416087
seg_9a8a1f,1.989540195972896
seg_9a9041,6.495664577996837
seg_9a92db,5.1419781909008115
seg_9aa6e2,2.820259834110302
seg_9ab405,2.1693692317875723
seg_9ad261,5.088747615991869
seg_9ad925,8.6606802780512
seg_9ae1a1,9.479643211526424
seg_9b0439,6.58224610507846
seg_9b44d2,9.071203098828633
seg_9b7ef8,9.791124724016843
seg_9b7f93,4.74841689205981
seg_9bab11,9.063389282066055
seg_9bd388,6.921481079066112
seg_9bee43,3.920565625207412
seg_9c00d7,9.909186481664124
seg_9c090f,2.4470199800258783
seg_9c2843,3.26097013884245
seg_9c3d6a,8.011660401178602
seg_9c3ef8,7.385742649534192
seg_9c635d,9.346210822942728
seg_9c6715,4.321044565767824
seg_9c8162,6.41547522113458
seg_9c8bc8,5.361480070718642
seg_9ca72e,4.845832524874327
seg_9caf50,9.350700837964727
seg_9cb464,4.816778325821403
seg_9d1b26,4.102870860536083
seg_9d1dbe,9.147339350298537
seg_9d2528,5.894573507861982
seg_9d3013,7.503224638576251
seg_9d452d,4.173624456270348
seg_9d57a1,7.000820236335846
seg_9d68cf,4.719185704418016
seg_9d6ff0,4.203491249435085
seg_9d7490,5.731962556033196
seg_9d79d4,5.1810572025887005
seg_9dcae1,7.028911060335762
seg_9ddc99,6.243136916472874
seg_9dea8d,7.934808911302252
seg_9df32d,4.902337684972699
seg_9e25e9,4.825225891065939
seg_9e3837,4.105568359917043
seg_9e61da,2.391636278923715
seg_9e7dff,3.3085771322443316
seg_9e8323,4.038654918100034
seg_9e8ca4,9.079539310616001
seg_9e962b,6.221240358922395
seg_9ee0aa,8.992666607629989
seg_9f042e,6.844341423301474
seg_9f12c6,3.6563627536191623
seg_9f22a0,8.424906501269952
seg_9f4fd4,9.388098362841408
seg_9f57c4,8.022462477463952
seg_9f6315,4.9414533809048
seg_9f7542,8.602060239011664
seg_9fc7c2,4.229213143696576
seg_9fd9b8,5.598056637036743
seg_9fe8b9,6.082183558679537
seg_a00985,5.429400919038285
seg_a009e6,7.146625260695048
seg_a03e6a,3.7485672427038246
seg_a05c22,3.4698467114074756
seg_a06228,7.269863104874444
seg_a0646a,3.5244377360608787
seg_a0979e,7.019513363888737
seg_a0a423,2.532005038210472
seg_a11dd5,3.8523562051685087
seg_a12acb,4.393247716883178
seg_a133bc,5.17948101948703
seg_a14212,4.964808631203979
seg_a16a1b,2.7003460816535316
seg_a173d8,4.506685978129485
seg_a18246,8.175814782889889
seg_a1a511,3.2518508805161495
seg_a1acb2,5.347228394230705
seg_a1b3cc,5.040098075123145
seg_a1d8da,6.365412324618991
seg_a1e5b0,6.6339516224703035
seg_a1edc1,4.4123382655181915
seg_a247ac,9.92977283394849
seg_a25c46,4.740251466345806
seg_a2986f,8.396785625928581
seg_a2c108,10.602123900608731
seg_a2d47d,5.276925287613055
seg_a2e2c8,3.2511242915454694
seg_a2fd8b,4.1498418717454255
seg_a31d6e,7.809956478255088
seg_a31fe3,7.720235474980712
seg_a35c82,9.25837938088909
seg_a35e7c,9.272413066105441
seg_a39ebc,4.088528991598281
seg_a39f3b,7.53069564023194
seg_a39fa8,10.240713210316368
seg_a3ab46,4.792924984088375
seg_a3d4d6,2.8547884661630234
seg_a41c2c,6.8689525918655985
seg_a4208a,4.324346071027255
seg_a420d4,3.5469851582731513
seg_a436bc,8.290590346747301
seg_a437cb,4.122290867825894
seg_a45455,5.42899686801538
seg_a47cce,7.6920011170993625
seg_a489e1,6.796371954317079
seg_a49ccc,4.578144470808216
seg_a4ad7c,9.977544638367174
seg_a4e745,8.86363666396825
seg_a50d28,10.08695141391668
seg_a5271e,2.672267670838032
seg_a53e4c,6.4931569464818555
seg_a543e5,7.480430105897523
seg_a55540,9.590718442254031
seg_a55a17,4.857108337372978
seg_a56c04,3.0846603631659915
seg_a58a6e,3.01150737296713
seg_a5934a,9.767474796605665
seg_a5d37f,2.8008622168729813
seg_a5dea6,10.061166091020784
seg_a5f4dd,4.480882384221891
seg_a5fbcc,5.499446791339031
seg_a61e1c,5.398643600204448
seg_a63573,4.93443079633831
seg_a674d2,7.284613529527427
seg_a68007,3.647088308346903
seg_a68ffb,6.7898992487134
seg_a69246,9.293285763034124
seg_a6959c,6.9048738272903165
seg_a6bf91,7.1201362569183715
seg_a6c5cc,2.364900291514202
seg_a6cd86,5.07908114664116
seg_a6e801,3.1795948901116917
seg_a6e99c,2.1120362598133755
seg_a6eed3,3.8674848835147113
seg_a704ee,6.451257988475021
seg_a7561c,3.745047704800135
seg_a7b454,4.019888747618663
seg_a7d0eb,5.118779604523235
seg_a7e49b,6.263577393444699
seg_a80123,4.713410683941497
seg_a802fa,8.544154883557352
seg_a80f6f,6.548037353204258
seg_a82229,7.760955250205976
seg_a84c13,3.2827809353552864
seg_a86231,5.502938513436154
seg_a8685e,9.241450693579866
seg_a86a05,6.576721512900624
seg_a87e79,2.2155150646431503
seg_a88097,10.13509843864357
seg_a88dde,8.8575704613575
seg_a8bb2f,4.575782424238557
seg_a8ddf7,4.019780908529237
seg_a8e6df,4.537121732458127
seg_a8e71a,4.263526740620959
seg_a9089b,2.2917884055256006
seg_a91c03,7.4308551783825765
seg_a93a88,9.375084199620046
seg_a96b47,4.972308063543115
seg_a975df,4.573772283945007
seg_a99161,3.77950774272439
seg_a99799,2.689834079361548
seg_a99be9,9.862101109418493
seg_a9a820,3.584246774437377
seg_a9b957,5.321735917241833
seg_a9f80e,9.240713484587769
seg_aa0180,3.5256592636632114
seg_aa1adf,4.563496615054796
seg_aa508a,2.4300427160398743
seg_aa78e0,6.796841826252759
seg_aa7a4b,7.019461662224149
seg_aa98cc,1.4154912876938175
seg_aa9b8e,7.714867994413671
seg_aaa2ae,2.6447099868384156
seg_aabc52,10.445970164310356
seg_aae025,8.619935203711957
seg_ab001b,3.092044239431093
seg_ab15ad,7.069143984230187
seg_ab2a78,3.6002985823475013
seg_ab3f14,7.53040087587679
seg_ab4bca,2.782233283830232
seg_ab644e,5.5688504492969235
seg_ab70bd,7.867339008616982
seg_ab9654,10.528608806170485
seg_aba501,4.581381796280861
seg_abaad2,9.050906518319172
seg_abb03a,4.804943806747563
seg_abb06a,5.94487048592797
seg_abc5fd,8.612469110737157
seg_abda04,8.497900236011507
seg_abeca6,9.919584249116292
seg_ac45ae,7.769473269364495
seg_ac5c61,9.594889663415552
seg_ac68bb,2.0258590829555163
seg_ac9de5,2.8042286914409154
seg_acd715,9.760028014855473
seg_acf2f4,8.130005724458083
seg_ad3a44,4.249061882405103
seg_ad3cf0,3.9660895293001963
seg_ad591c,7.810233956767766
seg_ad759c,3.728768118137645
seg_ad82ca,6.282065758690222
seg_ad949a,4.957564158006908
seg_ada42c,5.176777436705062
seg_ada81a,9.951736903436206
seg_ade769,6.814107757686871
seg_adf94a,1.9151911696917656
seg_adf986,6.447130505494421
seg_ae32a6,5.770257633027434
seg_ae3388,7.72363112516488
seg_ae3d92,5.000112895091389
seg_ae42b3,10.510701270459304
seg_ae9626,2.1425474398025086
seg_ae9761,10.083589563844852
seg_aec276,10.284167353365753
seg_aed434,7.709492873748815
seg_aee7c0,7.913151721528445
seg_aee9bf,3.8969943189615788
seg_aeeb31,2.2024537855469664
seg_af1650,3.296815926825503
seg_af2472,2.7006278032157995
seg_af6204,4.0695739617027415
seg_af703b,8.582772327706463
seg_af959f,8.883613875627141
seg_afa4a1,7.3877593470701175
seg_afadfb,7.329907129748009
seg_afca81,3.000111290702881
seg_afd665,5.174084962496614
seg_b00f05,8.166819086776274
seg_b02e31,8.388770146858647
seg_b03de5,8.846864984018914
seg_b08e9d,9.347267231176769
seg_b0a794,2.8732680563601583
seg_b0bf65,3.655607140858632
seg_b0cf32,9.725471238449442
seg_b0d251,6.492944984044561
seg_b0f9cd,8.034118072040226
seg_b108c9,4.9171134749830125
seg_b13220,3.635482699332532
seg_b13fb9,5.402827043315593
seg_b197e2,3.0621408589221373
seg_b1a35c,7.653926395309855
seg_b1b95e,3.002895908347318
seg_b1fea8,4.295343669189005
seg_b20487,9.924065795074862
seg_b21273,5.565869808264689
seg_b23489,3.213435047955719
seg_b253ee,4.309874201154785
seg_b25dde,2.419491262634112
seg_b26368,4.773158644604386
seg_b284b2,5.425588258982015
seg_b291c0,4.5315248877787475
seg_b2b29d,6.637138735235464
seg_b2b331,4.756875732707139
seg_b2e045,4.714350866146834
seg_b31961,5.598170057187444
seg_b32d1d,3.5130492338114996
seg_b35174,2.5073996799171354
seg_b36650,3.251017041063654
seg_b36c8a,2.9332617877529823
seg_b378bc,2.9058943161377697
seg_b3883e,6.205253160479383
seg_b3cf21,4.745843956831637
seg_b3d886,3.3075870662831233
seg_b402ac,7.128284494946481
seg_b41d3c,4.569336501338988
seg_b42170,3.8264990383562942
seg_b4402d,10.144460742270592
seg_b44c2e,7.867193474798011
seg_b47c19,5.348191717339001
seg_b4c040,4.797753115932325
seg_b4cb44,9.51241506398895
seg_b4f7a8,5.261771554366796
seg_b50239,2.032523936696635
seg_b51380,9.730985184367423
seg_b51b7c,4.753843242361071
seg_b52710,4.375639512429872
seg_b52add,9.8928686192656
seg_b52dac,5.162092629234716
seg_b54024,3.6719685409569465
seg_b568c6,7.718802849538438
seg_b57e76,6.073135545277445
seg_b5804a,4.443817230742923
seg_b58542,5.242425265141458
seg_b5a447,6.6300548349764155
seg_b5aee9,5.962825343904351
seg_b6254c,4.831365626605363
seg_b63de1,3.6398254612124994
seg_b64c9c,7.716345246273138
seg_b66b87,2.8322903955069814
seg_b686e5,2.081843738853731
seg_b687fc,4.333272085564763
seg_b691c5,2.257926801300025
seg_b69455,9.49367642522599
seg_b695b3,4.147680585637447
seg_b6bdaa,7.390942566158875
seg_b6c10d,7.319643922124032
seg_b6cb2b,4.423255928644702
seg_b72413,7.22476018907954
seg_b735a5,7.280295074370718
seg_b77bf5,8.912923614522727
seg_b782c7,6.957737964215415
seg_b78883,9.747019554443533
seg_b7a8a1,6.271444472350744
seg_b7b098,4.353915369712541
seg_b7da0a,3.1892620640098333
seg_b7eeb6,6.730360659054503
seg_b80358,8.775928620878387
seg_b80366,8.20324495823389
seg_b80b89,5.55651248581832
seg_b8141c,2.8692832253952614
seg_b853c1,8.301402703784934
seg_b853f8,6.075585350024278
seg_b86ce1,4.819626186312898
seg_b8725b,3.3084038288080784
seg_b8745c,9.669019621031614
seg_b87cf5,8.316794513988349
seg_b88baa,7.564542167685261
seg_b89218,9.976514684993028
seg_b89e47,3.2515063141414586
seg_b8b72f,4.717832651765014
seg_b8bb87,10.34580600565305
seg_b8fd73,9.374970023821097
seg_b91011,6.556452787665652
seg_b917b5,6.8360313111788145
seg_b91ae2,5.083924456293452
seg_b9361a,5.123262417696659
seg_b9365c,3.5075969144713826
seg_b947ae,3.350444599145625
seg_b95010,4.339989932870781
seg_b95a77,10.17995490631256
seg_b9619c,6.087762454609533
seg_b9ad7f,5.255917686414913
seg_b9bdd7,5.341422500318254
seg_b9d8a0,7.0175726858003316
seg_b9de03,5.348238292948275
seg_b9ec4b,3.573818071405481
seg_ba0485,9.816511419777159
seg_ba1d68,3.5094429558044093
seg_ba2c48,4.192023431287394
seg_ba3c47,2.7068226249045724
seg_ba3e74,4.36634288261343
seg_ba4ea3,9.11178409529673
seg_ba5e7e,4.817016549078602
seg_ba83da,5.93163176802314
seg_ba941e,8.611750590761034
seg_ba98dc,3.5482338635954775
seg_ba9dbf,3.060297169096748
seg_baa745,6.866811806831606
seg_bb171f,7.692932695410043
seg_bb180c,5.306374830545567
seg_bb2d77,4.005189320579199
seg_bb5e15,4.258605249162818
seg_bb6904,2.3684128852183353
seg_bb6fcb,6.071160293656572
seg_bb92b1,6.110323716007877
seg_bbb01e,7.638364638328518
seg_bbbc30,4.413871525186351
seg_bbf805,5.329612412560983
seg_bbfd4e,10.352254993971469
seg_bc07c8,2.0306735751463942
seg_bc1d67,7.311050984892443
seg_bc2186,7.955324342795965
seg_bc437b,10.054778451982735
seg_bca500,6.488772359975614
seg_bcc8f1,6.9641015744898285
seg_bce23c,7.4478990976024715
seg_bce305,4.991478776843384
seg_bcf2d9,5.341967710243203
seg_bcf6af,6.858672372764428
seg_bcfad6,4.899074570523742
seg_bd00c4,6.089928137396407
seg_bd2b0c,5.3654285207362005
seg_bd31bf,6.547818957122579
seg_bd40f2,8.49562670855315
seg_bd4d30,5.429181171955619
seg_bd5022,2.457280736356223
seg_bd629b,5.183005994534409
seg_bd6f5f,8.975413372164384
seg_bd7109,5.393975409937185
seg_bdae02,9.859498640884254
seg_bdf84b,5.5437521806932555
seg_be0cdc,2.254764996486795
seg_be0dfa,7.069191623505029
seg_be19e2,6.798588508427011
seg_be30ce,5.191884298273334
seg_be4612,8.452571769713058
seg_be62ef,6.866843919667645
seg_be65f2,3.0859305407002386
seg_be811d,3.4979978027202137
seg_beb650,7.398226239264178
seg_beda44,7.026682126222006
seg_bee792,6.159805242997931
seg_bf1294,2.8880822096266954
seg_bf1430,5.8289158743748
seg_bf1a72,5.315103801805277
seg_bf2d1f,8.08265245212342
seg_bf4bf2,1.9296097213735046
seg_bf4ec0,7.440834318220081
seg_bf58ce,7.879726916750831
seg_bf7224,3.5685607919874958
seg_bfdd14,2.4533408094789797
seg_bfe0b6,9.539350827292177
seg_bff05e,8.899956525302171
seg_bff392,3.2755600607530964
seg_c01a57,2.1950176173134803
seg_c01d9a,10.439858027041847
seg_c01f63,7.206162919083298
seg_c0260d,6.978696200641932
seg_c047b7,4.34359211661004
seg_c05a7d,10.316890292928589
seg_c07b7c,3.1322636636980836
seg_c08d36,5.566056994836272
seg_c09a41,4.292170134901865
seg_c0c0ed,6.125876684611508
seg_c0d7da,4.439492524830431
seg_c0e1b9,5.086745233308254
seg_c0ea9f,5.777892450751642
seg_c106ca,3.9584720659645938
seg_c10a58,9.326376435073875
seg_c11828,2.2510615366724096
seg_c11a4f,4.125775013428231
seg_c12d7d,10.20597587245923
seg_c146a8,6.411154210607993
seg_c15d21,8.042251671452137
seg_c17817,2.38112778298993
seg_c179f8,6.360135952537776
seg_c183e4,3.924740603427216
seg_c186dc,4.912521586275328
seg_c18d5a,5.277365315734344
seg_c1fe9a,3.3436563084239896
seg_c20a27,6.0408614227820765
seg_c20c06,3.4540989088082483
seg_c21723,4.759025773281739
seg_c21d60,5.519828884905578
seg_c22bd4,10.022947909547002
seg_c23429,4.399499441563343
seg_c23641,3.5088619342012324
seg_c243a6,2.107969746416774
seg_c24946,5.347240838074221
seg_c25855,9.712631288845621
seg_c267a5,4.205224908677686
seg_c26fb4,3.5889995330825233
seg_c27591,4.050479912892718
seg_c2a0c8,4.348306284037676
seg_c2b8f7,3.536510491996359
seg_c3507f,5.472776930278955
seg_c35940,2.723348623896154
seg_c365de,2.097618052527257
seg_c3836b,4.724619103015504
seg_c3f672,9.356777501679472
seg_c3f8d7,4.555737604036622
seg_c41d1d,4.780088059117146
seg_c42490,4.979207612267771
seg_c42952,6.2314305157689205
seg_c44bbc,3.285074454537732
seg_c46ce6,2.860103687047136
seg_c472cf,9.246596626068214
seg_c47bdc,6.664859799727479
seg_c4af54,4.62390404604855
seg_c5064e,8.681033060294018
seg_c509ff,3.2047629235179684
seg_c522f8,7.7070427500913254
seg_c5256d,7.116096395539653
seg_c52ae6,2.5011968530501267
seg_c5325c,10.110179769292007
seg_c550b1,9.88679406638861
seg_c565bd,4.756242740679922
seg_c571ef,4.994459530479927
seg_c588c1,8.840116521357963
seg_c58ca5,6.2894628802435495
seg_c5abaa,5.9928145157729436
seg_c5c455,3.3410616814808742
seg_c5c6ea,6.405718900368951
seg_c5dada,4.418964888357134
seg_c5dee4,2.058933646635934
seg_c5f986,4.6865606961301625
seg_c5fc3b,9.141780245084783
seg_c5fc87,5.784495192878916
seg_c607eb,3.3692858193304325
seg_c60dca,4.375744573285852
seg_c60f1d,3.085033650024347
seg_c627fc,7.921962302627076
seg_c62a06,4.365488546764004
seg_c65135,4.431098666395215
seg_c654e7,6.628262832931885
seg_c666dd,5.520034319227971
seg_c671f7,7.111487488258132
seg_c6b514,2.4576721582763588
seg_c6c29f,3.211940243871891
seg_c6f0a2,2.7947659211921394
seg_c6f533,4.6583669163695225
seg_c6f9c2,2.8875989985742843
seg_c703be,7.9961360916183795
seg_c70fde,6.4089326329160095
seg_c714d0,8.681158576343389
seg_c73df6,3.711899393278859
seg_c747ad,9.157576029665176
seg_c747b4,3.9771088954437968
seg_c7a3bc,2.7405238762070097
seg_c7a401,5.069515408742007
seg_c7a579,6.825929907969883
seg_c7b424,9.649912106250433
seg_c80857,1.3997138838597314
seg_c81e10,7.601468387102879
seg_c81fec,4.943637935136086
seg_c8459f,8.17976772986181
seg_c87c24,5.276770026922664
seg_c901c0,4.823318622532224
seg_c90be5,9.681512558166833
seg_c9201c,3.5362349372150472
seg_c9481f,6.354778518677792
seg_c94941,2.5343229574946107
seg_c9831a,2.2554177101727686
seg_c9e533,7.230964370177558
seg_c9f80a,3.9172786980041447
seg_ca2d1b,5.0982178357053645
seg_ca407b,6.080354826249158
seg_ca44a8,4.525370653870581
seg_ca67ee,5.013943255191011
seg_ca6d70,2.5675128217407996
seg_ca8389,4.4463950079275065
seg_ca88e3,9.862116902492485
seg_ca9e39,5.161567007140759
seg_caa919,5.661193810066682
seg_cacd0a,5.702391095610677
seg_cacd58,4.945103182981392
seg_cb0e21,9.734472982954525
seg_cb806c,5.4750793367681565
seg_cbcce9,6.532052303526569
seg_cbfb19,7.432920126768193
seg_cc096e,9.147987433483866
seg_cc2c46,5.696929117183357
seg_cc2e9b,5.294651879132869
seg_cc4199,9.823426316553642
seg_cc4932,8.518116511912234
seg_cc4950,2.756195794643697
seg_cc667b,3.8077457277051105
seg_cc7a19,4.234893961103122
seg_cc7e39,8.889623648744566
seg_ccdc28,3.5321822925631783
seg_cd0691,2.4535662363867936
seg_cd2b34,5.458296754035484
seg_cd2b53,2.172950711244035
seg_cd352f,10.448193475277948
seg_cd43b4,7.100598302428091
seg_cd699e,3.20558117056971
seg_cd9f9b,8.236125430870707
seg_cdadb5,8.907921345170022
seg_cdf88e,2.2326408840680676
seg_ce00bb,5.370220937989315
seg_ce46ba,2.7660376619313802
seg_ce472b,8.427601944448101
seg_ce5520,2.375272983228173
seg_ce5832,4.554384875518093
seg_ce72e2,4.756764576616583
seg_ce7537,2.6382276353455403
seg_ce9f59,4.132972326542757
seg_cea185,4.600286970559799
seg_ceab44,6.2263947675430416
seg_ceb942,2.7303184807902707
seg_cec2f2,7.364920390952642
seg_cecd29,6.996615553793946
seg_ced992,2.321410362501245
seg_cedf3e,9.572369752523528
seg_cee7d0,9.605046392151705
seg_cf0e43,4.740848627958961
seg_cf1371,4.175340654729266
seg_cf25d2,4.89490505621362
seg_cf3825,3.1140023242818953
seg_cf5764,6.371649639343256
seg_cf646e,7.119967081418899
seg_cf74e8,2.16318768650032
seg_cf9a49,6.2223604935900685
seg_cfed24,3.585218434743439
seg_cff594,2.4356088853317823
seg_d014a3,10.836030352450608
seg_d0598e,3.161972991557855
seg_d062a6,9.030931433778099
seg_d07c62,2.9430967869632223
seg_d07ce8,9.56141505241061
seg_d098df,8.246270203948361
seg_d0c280,2.5168997189992997
seg_d0c8e2,4.378118670296766
seg_d0f262,6.870092121870286
seg_d0f803,4.782220791659423
seg_d1045e,9.040571146276855
seg_d11ca8,7.843816161027693
seg_d14524,4.369427104261056
seg_d146a6,3.4810811986003185
seg_d16534,7.249826110117991
seg_d19980,9.035142515015293
seg_d1a281,5.158389850001827
seg_d1a2b9,3.767048650698
seg_d1a8b3,3.228092608115813
seg_d1abaa,10.344961389273244
seg_d1b91e,8.12356087274055
seg_d1ca05,8.675370817604266
seg_d1cb37,8.767571698884426
seg_d1eee8,9.943729167434261
seg_d1fbb8,10.655218251236803
seg_d21066,4.46413287180307
seg_d21eb6,7.20446684669408
seg_d24095,9.71908750840287
seg_d247da,5.154355024204551
seg_d2551a,8.138543772910987
seg_d26f7d,8.961057638745135
seg_d27193,3.6711336983067326
seg_d27812,3.8860965647033083
seg_d29a4b,4.077612177358176
seg_d2a533,6.171006399408251
seg_d2ad9a,2.1460678794465244
seg_d2cb02,6.531510969164753
seg_d2db6b,4.715709744452997
seg_d2f588,9.797234477228516
seg_d30a9d,2.230151042794785
seg_d31583,8.996794487802033
seg_d320f5,4.246247882227762
seg_d328bb,3.173007959916649
seg_d32f71,5.100516508050518
seg_d32f8a,5.730835153022635
seg_d35274,4.760943976830337
seg_d356ab,4.28874659282443
seg_d35e50,6.539850193527613
seg_d36055,9.597251311098447
seg_d36342,7.5886703924432855
seg_d36681,8.792697613323917
seg_d36737,3.571397969497771
seg_d37b05,7.14567353985932
seg_d39131,8.50432234116596
seg_d398df,6.166339086173304
seg_d3992e,8.986808308530916
seg_d3bb14,3.477047615417159
seg_d3d8fc,3.999893888211545
seg_d3f6b0,3.3508662049700697
seg_d3f967,4.885821854061826
seg_d40bb2,10.124218043424369
seg_d41daa,8.26972485523243
seg_d42c77,7.053629889864898
seg_d44589,5.374315346893845
seg_d47aba,4.5377315784676
seg_d4c763,5.307871343785159
seg_d4dec8,7.446443277920029
seg_d4ea17,8.275489956787721
seg_d508db,6.58115771152864
seg_d516e3,7.515107586186618
seg_d56ae2,8.815747860940633
seg_d56d32,7.800969826904552
seg_d59e4e,4.372703809250763
seg_d5b100,4.585421347728569
seg_d5d3a1,5.620310030870865
seg_d5dbc1,3.582875078610476
seg_d5df41,8.09857457334903
seg_d5f344,3.8146059857795853
seg_d60d18,4.776214165782644
seg_d62e9c,2.649925221635386
seg_d63175,7.235815142162391
seg_d661ce,3.9522922191413317
seg_d668c0,6.6560403115405276
seg_d68930,9.458297877331692
seg_d693b0,9.699037574163999
seg_d6b198,5.360421410922074
seg_d6b386,7.543583546942608
seg_d6b546,7.209864207655693
seg_d6dad6,6.509298825007212
seg_d6ea73,4.805969189057488
seg_d702b2,7.692577940237795
seg_d71352,9.594527204100245
seg_d740b2,9.089890426594392
seg_d753f8,3.272589977667585
seg_d78093,4.410491753655409
seg_d78e7d,2.0133037578807613
seg_d795ab,6.790055533903139
seg_d7967e,8.536505749562854
seg_d7a805,6.73807875934323
seg_d7ab50,3.9276444410910756
seg_d7f015,5.755319561666786
seg_d7f53a,4.049892786090162
seg_d8014d,5.38289287744221
seg_d83890,5.008537456477963
seg_d85e2e,5.417162698923641
seg_d86eb6,3.4834413165460294
seg_d88da7,7.793817490179588
seg_d89369,2.640360563140647
seg_d90c5f,2.8613365886374016
seg_d91492,7.435805714538337
seg_d9190c,4.135805947088137
seg_d9352b,6.650811767248315
seg_d962cc,9.850114946251876
seg_d9750c,5.243117237782165
seg_d9a2bb,5.238049052229835
seg_d9b162,7.286175662867469
seg_d9bb68,6.407331473150695
seg_d9ce67,3.3218402075276527
seg_d9d0e4,3.6504592810218837
seg_d9dab4,10.522607115474447
seg_da21ee,9.515254091600836
seg_da7c3b,8.329997838347614
seg_da80c4,9.336565825047181
seg_da8b88,4.772220486780229
seg_dab0f9,6.618525265159979
seg_dad4f2,7.228538762548153
seg_db3446,8.581523587697419
seg_db3a95,4.89216993358387
seg_db3fbe,10.121782372726244
seg_db4185,4.03467204987733
seg_db606c,6.968094605127826
seg_db694a,5.290457364792033
seg_db6d5f,6.632690052877761
seg_db90c0,5.470829294203511
seg_dbbb44,7.029482405967297
seg_dbc615,2.9540549084526155
seg_dbf3f2,2.667748020096729
seg_dc188b,5.455285043913374
seg_dc1cf0,9.36490041679287
seg_dc23c0,9.30991384177384
seg_dc4698,3.5035151894534806
seg_dc5e63,2.5705271492001662
seg_dc6e94,4.968780086740549
seg_dc73b8,3.8804794428371077
seg_dc7e0d,2.2836574542232206
seg_dca2c2,9.91815731065716
seg_dcb51d,5.09876561264938
seg_dcbe02,4.226185528083547
seg_dcd9df,2.45186379504392
seg_dcee28,4.743582734978238
seg_dceeca,4.522716036417307
seg_dcf242,5.952073706379512
seg_dcfb4b,9.06068862449191
seg_dd0b11,3.430504408598578
seg_dd4594,4.824962440258532
seg_dd699c,3.10768351797282
seg_dd780d,5.14824783170494
seg_dd8805,7.8591350259415105
seg_ddbadc,9.442937464061437
seg_ddc800,9.808795218017456
seg_ddd206,6.884367254707988
seg_ddddf0,4.821545362402939
seg_de225c,10.134285030259162
seg_de3237,7.421638363906766
seg_de3d5e,4.831147809147935
seg_de4e1d,5.764023974649647
seg_de8180,2.7842221355774575
seg_de98fa,4.624512846113558
seg_de9e32,10.468115004432358
seg_df0df7,8.927380121390073
seg_df352f,2.954649825436933
seg_df45b0,7.6991023093261575
seg_df8385,3.6288210514347172
seg_df8e0a,6.732933647091571
seg_df99d4,4.74990968870156
seg_dff078,5.955591046513256
seg_e00465,8.502137615741814
seg_e051bc,4.661105810120758
seg_e05de2,3.347795142016075
seg_e067ab,7.363631739898479
seg_e09301,2.832536438618444
seg_e0c329,5.027195542553828
seg_e0ce38,8.014743109507176
seg_e0cfd4,6.157351328497468
seg_e0f296,8.952934781053658
seg_e10d3b,10.833548552480138
seg_e13bd8,5.603131321458137
seg_e14149,6.453913561202369
seg_e1468f,9.63084499952639
seg_e15cb9,7.326906186004178
seg_e197b8,5.110684354792133
seg_e1a9e0,8.628068881535889
seg_e1daa0,7.412574699961711
seg_e1f045,5.17164360854171
seg_e1f081,10.171835987400915
seg_e20d76,4.756650506590176
seg_e217fc,4.2245703647894715
seg_e2209b,5.089362209265296
seg_e24496,9.34028331175508
seg_e24f69,5.259088812913479
seg_e256bd,3.11737409232983
seg_e25aca,4.68306468036124
seg_e266f4,7.316692182686845
seg_e27c0a,4.793214125781196
seg_e29670,4.589601378510263
seg_e2b8b1,9.45961568750194
seg_e2c82c,4.845196422146432
seg_e3005e,4.359065625089369
seg_e30e44,2.7284891464843506
seg_e30ef5,4.191962590039161
seg_e34052,4.344733664960836
seg_e37b8e,5.382449599889176
seg_e3b1f1,6.9685319374577
seg_e3ca24,7.947655005999316
seg_e3cf1a,5.382635805192764
seg_e3d751,1.6187037083561768
seg_e3dafa,10.090714378595832
seg_e3e762,8.607483834743682
seg_e40348,6.769712128493221
seg_e405fe,3.901863947148121
seg_e40d64,7.5454655461262385
seg_e41fc9,4.85021547596768
seg_e47d2b,3.0208178669784935
seg_e481c7,7.826772564046258
seg_e48c23,7.229320417421497
seg_e49750,5.248898219158887
seg_e4c15a,5.616021790488723
seg_e4f203,5.241202942012087
seg_e4f403,4.90822536583616
seg_e50f16,10.449005671491115
seg_e52f8c,5.201730919123451
seg_e53a52,4.802273638756586
seg_e54932,7.587092376270693
seg_e5750a,9.631866858980494
seg_e59dca,9.052072244742783
seg_e5b510,3.804402472854093
seg_e5c033,7.148819741725146
seg_e5deec,4.847900099203098
seg_e5e238,3.513161417987124
seg_e5f9ec,7.8281289089541515
seg_e5fbc1,1.9499540192529197
seg_e60719,8.150742452000072
seg_e6307f,9.936063364104795
seg_e64dfa,6.2523912065114295
seg_e65e69,5.071306582817903
seg_e66697,5.589796521443823
seg_e6b236,6.92362803238152
seg_e6bd3f,4.789359034143019
seg_e6c973,6.497296669042573
seg_e6e1df,2.7734418904816116
seg_e6e24e,6.706722717245473
seg_e71dda,6.016496447343625
seg_e72f10,8.101306580542005
seg_e742dc,9.571433493013357
seg_e76e6e,3.743402455403463
seg_e7ac12,4.963892205753894
seg_e7ced6,7.766738820252748
seg_e7d1f8,4.260535518923696
seg_e7d3e7,7.215993484844152
seg_e80726,4.534706577156706
seg_e81b50,4.379863494061344
seg_e8385f,8.691468233415712
seg_e85f55,2.4037234548943975
seg_e86e44,4.359921630260082
seg_e86ed1,10.403628817433665
seg_e86f77,3.622596330303555
seg_e877a5,5.886450196781663
seg_e8a2c4,5.848873482270566
seg_e8a4f4,5.851486544338123
seg_e8ac98,2.511976082523241
seg_e8ad6b,5.004765063694313
seg_e8b2b3,7.715115143289653
seg_e8bcde,2.982516428367612
seg_e8ce6a,2.625086373051139
seg_e8d02f,4.545545163753407
seg_e90c0d,6.471293399180386
seg_e92526,4.600229239056698
seg_e9272e,5.1355053540636115
seg_e96140,5.302590831361028
seg_e98217,3.853043584664925
seg_e9a09f,4.369037370796552
seg_e9aa44,9.422933817484642
seg_e9df42,7.240346858917555
seg_e9e65b,6.609116997070982
seg_ea0091,5.516404190465835
seg_ea05c1,8.28375589831693
seg_ea096b,10.320275384942223
seg_ea098b,8.863798432304803
seg_ea4d3a,7.338919664314421
seg_ea78c0,5.866952179281741
seg_ea8270,8.277940274132627
seg_ea9d37,3.360730096018351
seg_ea9fa4,9.648889104554055
seg_eaa0ec,8.132944590271828
seg_eabb2c,9.149211884497968
seg_eacccf,5.203902811346888
seg_ead30e,5.056724546802584
seg_eb0b19,8.80697693198484
seg_eb1d6e,3.5729418717968517
seg_eb2e11,6.750733136376917
seg_eb32bc,2.101311026262413
seg_eb47a9,3.292546692713744
seg_eb692c,10.190892413551213
seg_eb7595,5.528495350066184
seg_eb7f91,4.969412219090102
seg_eba22d,9.910149273605818
seg_ebb79f,5.401017056820607
seg_ebd77b,10.292532964405154
seg_ebe36c,6.350154776757103
seg_ebec3e,3.1810566908339544
seg_ec0e7b,7.188057634086011
seg_ec4645,4.9102641146842805
seg_ec73d5,3.749933266970234
seg_ec973c,9.969609815472491
seg_eca2eb,4.8976519147719415
seg_ecaef0,7.185867733688073
seg_eccb17,2.297949738809353
seg_ecdca4,5.2924015360524805
seg_ecf28d,6.939881339562787
seg_ecf81b,7.858114575526609
seg_ed07b0,4.9465669553590805
seg_ed3e4c,8.018247670523175
seg_ed52ac,9.16937630828551
seg_ed7741,9.403268602355263
seg_ed7dee,5.439051057516052
seg_ed7f69,3.7441982640335283
seg_edda79,7.122428259943918
seg_edecaa,5.376845860241966
seg_ee1cfc,5.1148027933333955
seg_ee2781,9.532894893606892
seg_ee4479,3.583841589291085
seg_ee4ae5,3.533246817951634
seg_ee7224,2.3404004553137074
seg_ee87e2,3.7319962808983216
seg_ee8f87,5.219624226721711
seg_eea20e,9.147258939372971
seg_eebbc2,4.695121832687571
seg_eee89d,3.1654997099678726
seg_eefd4a,3.1146853533076553
seg_ef24bd,5.416256413002362
seg_ef27c8,2.7611263751028385
seg_ef47c4,9.425432795002319
seg_ef644a,6.698863758852829
seg_ef660a,9.046828680968842
seg_ef74dc,6.139818700751764
seg_ef779d,4.343235075361205
seg_ef9105,9.873905161149043
seg_efb639,9.16504654449037
seg_efbf3e,6.463445788769622
seg_efc5fb,7.838490905070636
seg_efd9ec,8.577664836428882
seg_f003ca,7.5530718919242545
seg_f01368,7.390349389666321
seg_f0181d,4.75379429005329
seg_f02d32,6.815549091775598
seg_f056d8,5.315675989734084
seg_f0574b,5.056821557904355
seg_f073e2,5.292278680194189
seg_f0ce4a,4.999310132917293
seg_f0cedb,7.103229461975121
seg_f0d278,2.392276073608581
seg_f0db55,3.438163990559559
seg_f11620,4.9673474789085965
seg_f11f77,5.847609515134069
seg_f165f6,2.46605524994934
seg_f19f8e,8.968528638121317
seg_f1a771,4.5102506167029475
seg_f1b916,2.609942526311993
seg_f1f5b9,3.043259132852624
seg_f21a22,3.234020990514006
seg_f21bf4,6.214073710787865
seg_f22163,10.723091562889618
seg_f229bf,6.514292326129512
seg_f24292,5.35125406626622
seg_f2750c,6.827604905293319
seg_f2a20d,5.1325655148791895
seg_f2ae5e,6.457264307598274
seg_f2b0c5,3.3286125940113873
seg_f2cb5e,4.020016635503943
seg_f2f5a3,2.4953109052242013
seg_f3063a,5.231390628183189
seg_f30b2f,7.140415058249871
seg_f30f0c,7.1488309200299796
seg_f322b1,6.68796242515639
seg_f342a3,3.952727130975732
seg_f34877,7.345820359220277
seg_f383fb,5.233823375303684
seg_f3c578,4.580992637281882
seg_f43730,7.154752677202919
seg_f43ab6,2.138653915087903
seg_f455bc,9.875926658183202
seg_f46cc1,3.2349401269463858
seg_f48363,3.730165042205953
seg_f48db9,4.266171468728663
seg_f4ad4b,5.427458113816793
seg_f4d644,3.3659128718420805
seg_f52cdc,10.911304163739889
seg_f5406b,5.478872887425268
seg_f579ba,4.1836782532251116
seg_f57ca1,10.737362841123332
seg_f59974,8.626743418502457
seg_f5a4ee,10.018243842076908
seg_f5a6ab,7.081557683958869
seg_f5d2dd,9.639092787036544
seg_f5e682,3.4617575044244586
seg_f60872,6.107144485050009
seg_f618a8,8.902682433485419
seg_f61b0e,6.597518986048706
seg_f639cd,9.525145239374185
seg_f639ec,6.50182360677074
seg_f650cc,3.611728146394918
seg_f6659e,3.0777059037673227
seg_f66db1,7.866566686694564
seg_f679c6,7.4894145436664115
seg_f67ce2,2.9701124320824484
seg_f6828d,2.2596210779688986
seg_f69c38,5.1554298864606976
seg_f6a217,3.4147791436561317
seg_f6abc5,10.336459270614476
seg_f6b70c,7.390440539674095
seg_f6bae8,5.0922970205854705
seg_f6c0cb,3.7007889240613356
seg_f6c928,7.6263321341072885
seg_f6cfd4,7.353224898066821
seg_f6d51b,2.138663843923218
seg_f6e1ca,4.1627730361488835
seg_f6e89f,8.469376987703932
seg_f6f523,4.267294135778389
seg_f6f683,5.883102404426355
seg_f7050a,4.8007234952471425
seg_f70b66,6.36337781513091
seg_f71db8,7.078750496825549
seg_f7290f,4.838839434107275
seg_f734c8,9.43437043306765
seg_f741af,4.460614548591301
seg_f77ee5,9.032155059923035
seg_f7d792,2.0519237583001324
seg_f7de40,7.69739237458848
seg_f80e44,6.9263790903422935
seg_f83d28,3.8438220354798833
seg_f865be,2.7694062462779514
seg_f86c41,5.038934905233143
seg_f88d4a,2.9494032285788787
seg_f8db0a,3.7012088614922165
seg_f8dd7e,5.776633590132162
seg_f931de,4.262160638542163
seg_f93ce5,4.561609427461997
seg_f95fd3,7.5213898965393895
seg_f96d0e,3.6371837720022633
seg_f96d5a,8.25983457133097
seg_f97274,3.4388932403223027
seg_f99b64,7.020741945756882
seg_f9e4f2,11.1596004942656
seg_f9eea3,5.590413413386561
seg_fa0ac7,6.238963465712384
seg_fa34c7,7.3586712628996125
seg_fa488e,4.654249757194924
seg_fa4df0,4.8904806250705075
seg_fa6383,7.098418834017199
seg_fa796b,5.215346535464411
seg_fa9f00,5.098097645423991
seg_fad815,3.8070433215957276
seg_fb00b3,9.251296629565244
seg_fb11ba,6.957643473960742
seg_fb1f5c,8.538253535324042
seg_fb4c26,6.1626912129687925
seg_fb74f0,7.548881287498718
seg_fb76ca,6.622505125444929
seg_fb8af5,4.364858241406588
seg_fb9491,3.7769112883879083
seg_fb9b2e,8.410093785689558
seg_fbce13,3.956373258774243
seg_fbd66b,3.6575651142607852
seg_fbddb9,9.0792513992246
seg_fbe3c2,6.753335076798978
seg_fbf17a,8.209322096516878
seg_fbff25,2.503637103966845
seg_fc407c,5.016725208712834
seg_fc57d4,1.9928201176804214
seg_fc8fd6,2.451936932188061
seg_fcb7d0,10.767964264302401
seg_fcca66,5.030741685135307
seg_fcd32e,6.4698173027554216
seg_fd19b8,9.723330147444461
seg_fd374e,5.420852382894257
seg_fd6340,5.7301185653966655
seg_fd8add,6.522023076038337
seg_fd9ac1,4.996693131437422
seg_fdba93,4.472640881495054
seg_fdc1d4,4.960655728361561
seg_fdd50e,3.3893324614996905
seg_fde767,5.33414546200821
seg_fde86d,7.434044458788941
seg_fdff11,2.855870330488327
seg_fe2aac,5.192941364795582
seg_fe5945,3.558581594961521
seg_fe70c0,7.725602138782232
seg_fe73b1,8.81308796056895
seg_fe86f5,5.841630518048383
seg_fea3e2,6.823770496815046
seg_feb312,6.9030527809608255
seg_fedbd1,8.827002378324392
seg_ff0f1b,4.611555055649498
seg_ff1a62,8.40986598460358
seg_ff2f2d,6.329344454530526
seg_ff4236,5.31385621905246
seg_ff7478,7.25560433483367
seg_ff79d9,4.002580762911021
seg_ffbd6a,1.9141567810187698
seg_ffe7cc,8.28088466937874
